"sample_id"	"site"	"dna_type"	"depth"	"site_num"	"dna_typen"	"site_dna"	"site_dna_depth"	"site_pit"	"pit"	"layer_order"	"layer_label"	"depth_order"	"minus_depthnumber"	"depth_minus"	"depth_label"	"depths_cm"	"depths_cm_re"	"latitude"	"longitude"	"altitude"	"MAT"	"MAP"	"pH"	"Conductivity"	"moisture"	"N"	"N15"	"C"	"C13"	"CN"	"Feo"	"Fed"	"FeoFed"	"Fep"	"Alo"	"Alp"	"Sio"	"genecopy_r1"	"genecopy_r2"	"genecopy_r3"	"genecopy_mean"	"NH4"	"NO3"	"Pt"	"Pi"	"Po"	"Mnd"	"Mno"	"Mnp"
"ePA1_lib1"	"AZ"	"eDNA"	2.5	1	1	"AZ_eDNA"	"AZeDNA0_5cm"	"AZ1"	1	1	"0_40cm"	1	-1	-2.5	"0_5cm"	"0_5"	"12_0_5"	26.30285	70.457333	732	18.1	10	8.48	47.35	1.060721	0.018847838	8.642961093	0.119290451	-32.2030135	6.329131927	0.030955219	0.232705198	0.133023326	0.018346623	0.05500501	0.01846	0.034285573	1.03e+08	1.02e+08	97300000	100911835.2	13.66443	13.257323	831	56.69341216	774.3065878	0.009419	0.000691	1.7e-05
"ePA2_lib1"	"AZ"	"eDNA"	7.5	1	1	"AZ_eDNA"	"AZeDNA5_10cm"	"AZ1"	1	1	"0_40cm"	2	-2	-7.5	"5_10cm"	"5_10"	"11_5_10"	26.30285	70.457333	732	18.1	10	8.115	57.1	1.133078	0.011167357	10.31536619	0.105302733	-23.7180598	9.42951215	0.073650993	0.490794711	0.150064766	0.005418839	0.06555466	0.002977	0.068395004	8300000	8520000	8470000	8431221.546	7.24111	19.048216	967.2	48.77533784	918.4246622	0.010022	0.000683	-5.1e-05
"ePA3_lib1"	"AZ"	"eDNA"	15	1	1	"AZ_eDNA"	"AZeDNA10_20cm"	"AZ1"	1	1	"0_40cm"	3	-3	-15	"10_20cm"	"10_20"	"10_10_20"	26.30285	70.457333	732	18.1	10	8.235	55.3	1.905904	0.0030139	5.764553951	0.038006941	-29.02312507	12.61055059	0.308488384	0.626899711	0.492085701	0.057175516	0.040683068	0.01486	0.048948867	4210000	4410000	4440000	4351357.079	11.346158	57.579257	883.4	73.05743243	810.3425676	0.008051	0.000637	5.1e-05
"ePA4_lib1"	"AZ"	"eDNA"	30	1	1	"AZ_eDNA"	"AZeDNA20_40cm"	"AZ1"	1	1	"0_40cm"	4	-4	-30	"20_40cm"	"20_40"	"09_20_40"	26.30285	70.457333	732	18.1	10	8.645	50.8	0.635045	0.003335522	6.711757548	0.045867332	-28.02070151	13.75117053	0.350354137	0.632034496	0.554327555	0.095603156	0.003075801	0.01646	0.006986312	305000	322000	314000	313319.6427	5.603318	10.753289	749.9	17.10304054	732.7969595	0.006602	0.000612	-1.7e-05
"ePA5_lib1"	"AZ"	"eDNA"	50	1	1	"AZ_eDNA"	"AZeDNA40_60cm"	"AZ1"	1	2	"40_120cm"	5	-5	-50	"40_60cm"	"40_60"	"08_40_60"	26.30285	70.457333	732	18.1	10	8.815	47.45	1.100362	0.003239959	5.26822751	0.037250471	-31.85582238	11.49720374	0.101740722	0.399909457	0.254409392	0.033644848	0.020751564	0	0.027740993	412000	452000	412000	425526.4839	4.019311	13.279853	553.5	10.76858108	542.7314189	0.005662	0.000674	-1.7e-05
"ePA7_lib1"	"AZ"	"eDNA"	90	1	1	"AZ_eDNA"	"AZeDNA80_100cm"	"AZ1"	1	2	"40_120cm"	7	-7	-90	"80_100cm"	"80_100"	"06_80_100"	26.30285	70.457333	732	18.1	10	8.775	32.825	0.814209	0.005338258	3.692029182	0.062338069	-30.35063601	11.67760419	0.023219027	0.511133444	0.045426547	0.004614903	0.022173581	0	0.021465285	263000	244000	259000	255213.6364	2.804816	9.115278	548.3	0	548.3	0.0047785	0.0006215	1.65e-05
"ePA8_lib1"	"AZ"	"eDNA"	110	1	1	"AZ_eDNA"	"AZeDNA100_120cm"	"AZ1"	1	2	"40_120cm"	8	-8	-110	"100_120cm"	"100_120"	"05_100_120"	26.30285	70.457333	732	18.1	10	9.05	29.35	0.799358	0.004366703	5.26740918	0.058577704	-31.10828868	13.41463086	0.087199779	0.571756849	0.152511996	0.037146723	0.022335515	0	0.006619254	165000	174000	159000	165749.5267	2.403854	8.286486	647.8	6.545608108	641.2543919	0.004546	0.00063	-1.7e-05
"ePA9_lib1"	"AZ"	"eDNA"	130	1	1	"AZ_eDNA"	"AZeDNA120_140cm"	"AZ1"	1	3	"120_200cm"	9	-9	-130	"120_140cm"	"120_140"	"04_120_140"	26.30285	70.457333	732	18.1	10	9.065	36.15	0.49748	0.002312954	5.378628114	0.048308742	-31.86416942	20.88616342	0.255065083	0.595985304	0.427972102	0.151089452	0.02122291	0.001645	0.006986312	8890	9270	6820	8325.739875	2.398307	3.330897	452	0	452	0.004311	0.000645	3.3e-05
"ePA10_lib1"	"AZ"	"eDNA"	150	1	1	"AZ_eDNA"	"AZeDNA140_160cm"	"AZ1"	1	3	"120_200cm"	10	-10	-150	"140_160cm"	"140_160"	"03_140_160"	26.30285	70.457333	732	18.1	10	8.96	31.75	1.028328	0.00340048	4.948857328	0.040028025	-30.73273404	11.7712868	0.108203307	0.65045926	0.166349092	0.011534723	0.014767973	0	0.024584508	218000	215000	194000	208844.9678	4.017064	5.82612	817.9	7.07347973	810.8265203	0.0054875	0.0006415	4.15e-05
"ePA11_lib1"	"AZ"	"eDNA"	170	1	1	"AZ_eDNA"	"AZeDNA160_180cm"	"AZ1"	1	3	"120_200cm"	11	-11	-170	"160_180cm"	"160_180"	"02_160_180"	26.30285	70.457333	732	18.1	10	8.655	23.9	0.813117	0.002744169	3.446378401	0.172811881	-17.19290471	62.97420868	0.338807927	0.405711598	0.835095493	0.090306083	0.022335515	0	0.041145944	50600	51600	49100	50441.84685	5.611383	8.281799	134.4	4.961993243	129.4380068	0.006664	0.000638	5e-05
"ePA12_lib1"	"AZ"	"eDNA"	190	1	1	"AZ_eDNA"	"AZeDNA180_200cm"	"AZ1"	1	3	"120_200cm"	12	-12	-190	"180_200cm"	"180_200"	"01_180_200"	26.30285	70.457333	732	18.1	10	8.88	27.85	0.550143	0.002563726	-0.482540049	0.039526006	-30.12987371	15.4174047	0.100329637	0.493388096	0.203348313	0.036333061	0.02122291	0	0.024768981	31400	31400	35700	32858.28698	6.609358	7.511777	613.7	11.82432432	601.8756757	0.007612	0.000603	0.000134
"ePB1_lib1"	"AZ"	"eDNA"	2.5	1	1	"AZ_eDNA"	"AZeDNA0_5cm"	"AZ2"	2	1	"0_40cm"	1	-1	-2.5	"0_5cm"	"0_5"	"12_0_5"	26.3044	70.458433	761	18.1	10	8.31	44.95	1.536762	0.017118606	8.116855815	0.116770201	-24.97716438	6.821244588	0.025670132	0.468570414	0.054783936	0	0.035162508	0.0088	0.004367473	29200000	31600000	26700000	29172754.8	7.5107	73.095968	883.4	66.72297297	816.677027	0.008895	0.000609	0.000152
"ePB2_lib1"	"AZ"	"eDNA"	7.5	1	1	"AZ_eDNA"	"AZeDNA5_10cm"	"AZ2"	2	1	"0_40cm"	2	-2	-7.5	"5_10cm"	"5_10"	"11_5_10"	26.3044	70.458433	761	18.1	10	8.19	67	1.536762	0.02257657	8.224728591	0.190617368	-25.81708258	8.443150215	0.154260893	0.423007205	0.36467675	0.064359408	0.032221745	0.07227	0.008832197	23600000	24200000	22900000	23565987.84	7.5107	73.095968	616.3	50.88682432	565.4131757	0.008895	0.000609	0.000152
"ePB3_lib1"	"AZ"	"eDNA"	15	1	1	"AZ_eDNA"	"AZeDNA10_20cm"	"AZ2"	2	1	"0_40cm"	3	-3	-15	"10_20cm"	"10_20"	"10_10_20"	26.3044	70.458433	761	18.1	10	8.275	79.9	1.837809	0.008745883	5.514057228	0.059580642	-30.90046784	6.812421444	0.105603106	0.411983228	0.256328653	0	0.020201997	0.01192	0.012799933	95400000	84600000	83100000	87686953.78	6.689921	4.227758	749.9	36.63429054	713.2657095	0.007241	0.000687	0.000136
"ePB5_lib1"	"AZ"	"eDNA"	50	1	1	"AZ_eDNA"	"AZeDNA40_60cm"	"AZ2"	2	2	"40_120cm"	5	-5	-50	"40_60cm"	"40_60"	"08_40_60"	26.3044	70.458433	761	18.1	10	8.1	47.05	1.404703	0.00541846	4.517419713	0.357460412	-14.45490058	65.97084973	0.056692004	0.254583631	0.22268519	0.027938336	0.002471027	0	0	3170000	3270000	2810000	3084780.315	6.665863	7.569082	799.6	6.545608108	793.0543919	0.006946	0.000659	0.000186
"ePB6_lib1"	"AZ"	"eDNA"	70	1	1	"AZ_eDNA"	"AZeDNA60_80cm"	"AZ2"	2	2	"40_120cm"	6	-6	-70	"60_80cm"	"60_80"	"07_60_80"	26.3044	70.458433	761	18.1	10	8.705	43.6	2.441581	0.006492988	4.651545641	0.386920533	-14.98882499	59.5905194	0.087552329	0.276141164	0.317056421	0.004686102	0.005063342	0	0.001461173	343000	361000	359000	354372.2396	8.40816	8.481168	681.8	3.378378378	678.4216216	0.008298	0.000649	0.000154
"ePB7_lib1"	"AZ"	"eDNA"	90	1	1	"AZ_eDNA"	"AZeDNA80_100cm"	"AZ2"	2	2	"40_120cm"	7	-7	-90	"80_100cm"	"80_100"	"06_80_100"	26.3044	70.458433	761	18.1	10	8.5	37.95	0.916696	0.004683885	0.359836849	0.178735196	-21.97003843	38.15960668	0.107635132	0.322131813	0.334133816	0.043990721	0.016698015	0	0	730000	741000	728000	732846.0076	4.14433	9.185048	634.7	0.73902027	633.9609797	0.016066	0.000631	0.000101
"ePB8_lib1"	"AZ"	"eDNA"	110	1	1	"AZ_eDNA"	"AZeDNA100_120cm"	"AZ2"	2	2	"40_120cm"	8	-8	-110	"100_120cm"	"100_120"	"05_100_120"	26.3044	70.458433	761	18.1	10	8.34	23.1	0.934981	0.003035862	5.121323777	0.124067125	-16.25395735	40.86718118	0	0.252487972	0	0	0.019043139	0	0.023886952	1020000	1140000	1040000	1066003.171	4.974972	6.686339	492.6	0	492.6	0.009518	0.000597	0
"ePB9_lib1"	"AZ"	"eDNA"	130	1	1	"AZ_eDNA"	"AZeDNA120_140cm"	"AZ2"	2	3	"120_200cm"	9	-9	-130	"120_140cm"	"120_140"	"04_120_140"	26.3044	70.458433	761	18.1	10	8.09	20.95	1.299953	0.003399399	3.495532666	0.213749258	-14.70964571	62.87854805	0.028102337	0.292397165	0.096110155	0	0.02032018	0	0.02907317	45100	47200	46100	46143.38864	7.490556	4.189785	282.3	0	282.3	0.010353	0.00065	0.000152
"ePB10_lib1"	"AZ"	"eDNA"	150	1	1	"AZ_eDNA"	"AZeDNA140_160cm"	"AZ2"	2	3	"120_200cm"	10	-10	-150	"140_160cm"	"140_160"	"03_140_160"	26.3044	70.458433	761	18.1	10	8.685	19.7	1.377666	0.002453459	3.886960419	0.05909773	-16.76106135	24.08751367	0.075795176	0.347809136	0.21792175	0.035496773	0.018601845	0	0.035605081	43400	44400	43600	43800	4.164042	6.370126	545.8	0	545.8	0.009803	0.000642	0.000169
"ePB11_lib1"	"AZ"	"eDNA"	170	1	1	"AZ_eDNA"	"AZeDNA160_180cm"	"AZ2"	2	3	"120_200cm"	11	-11	-170	"160_180cm"	"160_180"	"02_160_180"	26.3044	70.458433	761	18.1	10	8.415	24.8	1.729964	0.004359281	4.839935704	0.059178993	-26.93390963	13.57540251	0.027287664	0.604197812	0.04516346	0.012089749	0.033410648	0	0.051046158	41700	41600	41000	41433.82768	8.356058	7.545618	447	0	447	0.100275	0.000644	3.4e-05
"ePB12_lib1"	"AZ"	"eDNA"	190	1	1	"AZ_eDNA"	"AZeDNA180_200cm"	"AZ2"	2	3	"120_200cm"	12	-12	-190	"180_200cm"	"180_200"	"01_180_200"	26.3044	70.458433	761	18.1	10	8.54	21.95	1.328026	0.004103398	3.985676977	0.091361652	-29.74497735	22.26487572	0.160416263	0.722956296	0.221889295	0.08416	0.001398144	0	0.00443953	319000	315000	307000	313885.4116	5.581914	5.839069	548.3	7.07347973	541.2265203	0.006647	0.00065	-6.8e-05
"ePC1_lib1"	"AZ"	"eDNA"	2.5	1	1	"AZ_eDNA"	"AZeDNA0_5cm"	"AZ3"	3	1	"0_40cm"	1	-1	-2.5	"0_5cm"	"0_5"	"12_0_5"	26.301967	70.455867	726	18.1	10	8.935	56.7	0.822264	0.013319911	9.843380199	0.058722021	-30.02252872	4.40858946	0.354786411	0.83340515	0.425707006	0.114325653	0.023300848	0.02255	0.011978802	346000	350000	312000	335831.4257	17.584619	25.683411	515.4	58.27702703	457.122973	0.005848	0.000462	5e-05
"ePC9_lib1"	"AZ"	"eDNA"	130	1	1	"AZ_eDNA"	"AZeDNA120_140cm"	"AZ3"	3	3	"120_200cm"	9	-9	-130	"120_140cm"	"120_140"	"04_120_140"	26.301967	70.455867	726	18.1	10	8.915	35.65	1.23128	0.003120102	-0.366498353	0.084966714	-31.13525887	27.23203073	0.079789787	0.757875848	0.105280815	0.129477489	0.023626303	0	0.045971809	3170	3330	3010	3168.230011	2.323141	4.99871	515.4	0.211148649	515.1888514	0.000972	0.000439	-6.7e-05
"ePC10_lib1"	"AZ"	"eDNA"	150	1	1	"AZ_eDNA"	"AZeDNA140_160cm"	"AZ3"	3	3	"120_200cm"	10	-10	-150	"140_160cm"	"140_160"	"03_140_160"	26.301967	70.455867	726	18.1	10	8.7625	34.7	1.287909	0.003015071	2.117137517	0.038632437	-29.07512426	12.8131085	0.137367711	0.716750099	0.191653564	0	0.017165342	0	0.030298105	2950	2510	2560	2671.756166	2.788775	9.185844	452	0.211148649	451.7888514	0.000709	0.000456	6.8e-05
"eSA3_lib1"	"SG"	"eDNA"	15	2	1	"SG_eDNA"	"SGeDNA10_20cm"	"SG1"	1	1	"0_40cm"	3	-3	-15	"10_20cm"	"10_20"	"10_10_20"	29.759769	71.159439	615	16.1	89	8.263333	48.033333	1.914327	0.009493932	7.313990262	0.070862277	-26.87724721	7.463954904	0.185187491	0.47817618	0.387278788	0.2803	0.109917727	0.2674	0.148277292	1.73e+08	21900000	13600000	69383182.32	9.347297	1.561515	582.3	4.961993243	577.3380068	0.007644	0.001299	0.00073
"eSA4_lib1"	"SG"	"eDNA"	30	2	1	"SG_eDNA"	"SGeDNA20_40cm"	"SG1"	1	1	"0_40cm"	4	-4	-30	"20_40cm"	"20_40"	"09_20_40"	29.759769	71.159439	615	16.1	89	8.656667	49.933333	1.21557	0.003528385	10.47427853	0.030440266	-28.35038754	8.62725249	0.22474832	0.597604438	0.37608208	0.289	0.100023533	0.2354	0.151598063	7570000	7720000	7810000	7697737.065	8.705651	13.156861	592.8	4.434121622	588.3658784	0.011437	0.001274	0.00054
"eSA5_lib1"	"SG"	"eDNA"	50	2	1	"SG_eDNA"	"SGeDNA40_60cm"	"SG1"	1	2	"40_120cm"	5	-5	-50	"40_60cm"	"40_60"	"08_40_60"	29.759769	71.159439	615	16.1	89	8.68	36.533333	1.151354	0.005125364	10.95310046	0.04345215	-27.96740701	8.477865516	0.221797738	0.642163001	0.34539165	0.3427	0.125708196	0.3057	0.160080509	1.11e+08	1e+08	85900000	99224692.18	13.88346	9.108054	927.9	3.90625	923.99375	0.014758	0.001458	0.000641
"eSA6_lib1"	"SG"	"eDNA"	70	2	1	"SG_eDNA"	"SGeDNA60_80cm"	"SG1"	1	2	"40_120cm"	6	-6	-70	"60_80cm"	"60_80"	"07_60_80"	29.759769	71.159439	615	16.1	89	8.49	42.8	1.909131	0.008212063	8.342632706	0.064046317	-27.11973571	7.799053669	0.191450371	0.581276641	0.329361887	0.3567	0.1173219	0.3285	0.170974751	77100000	72600000	7.8e+07	75889037.44	13.992703	6.843181	1058.8	4.961993243	1053.838007	0.016193	0.001367	0.000476
"eSA7_lib1"	"SG"	"eDNA"	90	2	1	"SG_eDNA"	"SGeDNA80_100cm"	"SG1"	1	2	"40_120cm"	7	-7	-90	"80_100cm"	"80_100"	"06_80_100"	29.759769	71.159439	615	16.1	89	9.08	45.266667	1.623616	0.014822488	8.856705539	0.128306033	-26.88303231	8.65617375	0.160182602	0.516058436	0.310396247	0.2723	0.10935697	0.3006	0.126735992	57500000	48700000	50600000	52293619.85	5.260017	14.932726	888.6	10.24070946	878.3592905	0.018363	0.001431	0.000491
"eSA8_lib1"	"SG"	"eDNA"	110	2	1	"SG_eDNA"	"SGeDNA100_120cm"	"SG1"	1	2	"40_120cm"	8	-8	-110	"100_120cm"	"100_120"	"05_100_120"	29.759769	71.159439	615	16.1	89	9.2	64.266667	2.096812	0.016002489	8.942846453	0.154100897	-26.83441294	9.629808221	0.097665504	0.487031246	0.200532316	0.2259	0.112913644	0.2915	0.093252735	19100000	23600000	18900000	20506058.41	3.538897	12.070858	666.1	11.2964527	654.8035473	0.019919	0.001422	0.000425
"eSA9_lib1"	"SG"	"eDNA"	130	2	1	"SG_eDNA"	"SGeDNA120_140cm"	"SG1"	1	3	"120_200cm"	9	-9	-130	"120_140cm"	"120_140"	"04_120_140"	29.759769	71.159439	615	16.1	89	9.046667	108.466667	2.252403	0.055122577	9.164058796	0.664894789	-27.43104211	12.06211368	0.058133391	0.602526268	0.09648275	0.1605	0.103221055	0.2321	0.024045043	14100000	12600000	12500000	13102944.42	4.710061	9.163688	773.4	40.32939189	733.0706081	0.022823	0.001406	0.000409
"eSA10_lib1"	"SG"	"eDNA"	150	2	1	"SG_eDNA"	"SGeDNA140_160cm"	"SG1"	1	3	"120_200cm"	10	-10	-150	"140_160cm"	"140_160"	"03_140_160"	29.759769	71.159439	615	16.1	89	9.356667	116.9	1.950872	0.063105575	10.02917193	0.589451331	-26.42728512	9.340717272	0.108702444	0.494543864	0.219803442	0.09218	0.087307632	0.2009	0.075785046	43900000	4.3e+07	46500000	44458334.58	7.024146	3.303944	423.8	58.27702703	365.522973	0.023021	0.00141	0.000425
"eSA11_lib1"	"SG"	"eDNA"	170	2	1	"SG_eDNA"	"SGeDNA160_180cm"	"SG1"	1	3	"120_200cm"	11	-11	-170	"160_180cm"	"160_180"	"02_160_180"	29.759769	71.159439	615	16.1	89	8.646667	143.933333	1.66916	0.109892868	11.23872417	1.158065559	-24.58680041	10.53813205	0.088647671	0.490767497	0.180630689	0.07404	0.07719578	0.1498	0.064035931	29900000	26700000	28900000	28490261.76	3.523418	7.35528	519.5	71.43751722	448.0624828	0.022835	0.001296	0.000271
"eSA12_lib1"	"SG"	"eDNA"	190	2	1	"SG_eDNA"	"SGeDNA180_200cm"	"SG1"	1	3	"120_200cm"	12	-12	-190	"180_200cm"	"180_200"	"01_180_200"	29.759769	71.159439	615	16.1	89	8.883333	185.966667	1.381997	0.121686139	11.99980276	1.327429556	-26.0496809	10.90863401	0.15407686	0.506947392	0.30393067	0	0.085576445	0.02643	0.085164661	8720000	9990000	9490000	9401552.127	5.827884	14.324674	386	53.08681914	332.9131809	0.022527	0.00136	0.000439
"eSB1_lib1"	"SG"	"eDNA"	2.5	2	1	"SG_eDNA"	"SGeDNA0_5cm"	"SG2"	2	1	"0_40cm"	1	-1	-2.5	"0_5cm"	"0_5"	"12_0_5"	29.759037	71.160226	618	16.1	89	8.34	48.233333	1.578646	0.001369701	13.87548558	0.013760855	-31.52721755	10.04661073	0.219560274	0.547460648	0.401052157	0.099127737	0.117136214	0.06352	0.127063445	9.12e+08	9.5e+08	1.03e+09	963858470.5	3.522118	7.352506	387	0.211148649	386.7888514	0.022459	0.001168	0.000356
"eSB2_lib1"	"SG"	"eDNA"	7.5	2	1	"SG_eDNA"	"SGeDNA5_10cm"	"SG2"	2	1	"0_40cm"	2	-2	-7.5	"5_10cm"	"5_10"	"11_5_10"	29.759037	71.160226	618	16.1	89	8.24	43	1.55992	0.001605881	7.669653686	0.011759072	-30.26713323	7.322503725	0.256355914	0.552166377	0.464272953	0.2667	0.100386528	0.1981	0.042228636	4.88e+08	4.3e+08	4.52e+08	456813063	3.520389	9.095662	613.7	0	613.7	0.021307	0.001312	0.000254
"eSB3_lib1"	"SG"	"eDNA"	15	2	1	"SG_eDNA"	"SGeDNA10_20cm"	"SG2"	2	1	"0_40cm"	3	-3	-15	"10_20cm"	"10_20"	"10_10_20"	29.759037	71.160226	618	16.1	89	7.726667	49.266667	1.837403	0.002156205	7.306213474	0.021097064	-29.60933057	9.784347451	0.32335894	0.604927804	0.534541374	0.2939	0.11889219	0.2051	0.073334823	2.63e+08	2.55e+08	2.11e+08	242888822.5	1.786524	14.945109	440.9	0	440.9	0.017771	0.001383	0.000238
"eSB4_lib1"	"SG"	"eDNA"	30	2	1	"SG_eDNA"	"SGeDNA20_40cm"	"SG2"	2	1	"0_40cm"	4	-4	-30	"20_40cm"	"20_40"	"09_20_40"	29.759037	71.160226	618	16.1	89	7.213333	51.766667	2.440667	0.004848267	6.575525515	0.043613835	-28.22840115	8.995757851	0.173612458	0.569500744	0.304850274	0.105913329	0.114079598	0.08959	0.117708293	1.02e+08	1.04e+08	98700000	101529265.1	6.471664	12.12788	852	0.73902027	851.2609797	0.012508	0.001383	0.000393
"eSB5_lib1"	"SG"	"eDNA"	50	2	1	"SG_eDNA"	"SGeDNA40_60cm"	"SG2"	2	2	"40_120cm"	5	-5	-50	"40_60cm"	"40_60"	"08_40_60"	29.759037	71.160226	618	16.1	89	7.083333	40.4	2.573155	0.00603084	4.151187682	0.058419036	-28.31833637	9.686716029	0.157181992	0.471412055	0.333428028	0.109	0.037059369	0.0956	0.07112849	43600000	41800000	42500000	42645142.07	5.893692	5.080634	459.2	3.378378378	455.8216216	0.008832	0.001197	0.000308
"eSB6_lib1"	"SG"	"eDNA"	70	2	1	"SG_eDNA"	"SGeDNA60_80cm"	"SG2"	2	2	"40_120cm"	6	-6	-70	"60_80cm"	"60_80"	"07_60_80"	29.759037	71.160226	618	16.1	89	6.746667	34.766667	2.070248	0.206529568	6.636924336	0.221505647	-24.93393208	1.072513006	0.207465433	0.442593597	0.468749287	0.228	0.080877547	0.1577	0.045401492	16800000	16900000	18300000	17316343.81	8.772134	5.653831	637.3	5.489864865	631.8101351	0.009094	0.001318	0.000272
"eSB7_lib1"	"SG"	"eDNA"	90	2	1	"SG_eDNA"	"SGeDNA80_100cm"	"SG2"	2	2	"40_120cm"	7	-7	-90	"80_100cm"	"80_100"	"06_80_100"	29.759037	71.160226	618	16.1	89	7.166667	46.066667	1.648445	0.004758168	11.59172875	0.031299246	-26.96722503	6.578002872	0.263819986	0.385000654	0.685245555	0.2258	0.093810206	0.1447	0.051042275	20600000	18300000	2.1e+07	19949363.29	6.997438	8.533339	663.5	3.378378378	660.1216216	0.010053	0.001372	0.000254
"eSB8_lib1"	"SG"	"eDNA"	110	2	1	"SG_eDNA"	"SGeDNA100_120cm"	"SG2"	2	2	"40_120cm"	8	-8	-110	"100_120cm"	"100_120"	"05_100_120"	29.759037	71.160226	618	16.1	89	7.216667	27.7	2.06362	0.010537656	7.57344129	0.085479516	-28.21584537	8.111815255	0.196051277	0.464070627	0.42246	0.055162952	0.072606337	0.03444	0.017083201	8410000	6710000	6310000	7145072.772	8.774831	5.655581	700.1	7.07347973	693.0265203	0.011043	0.001352	0.000306
"eSB9_lib1"	"SG"	"eDNA"	130	2	1	"SG_eDNA"	"SGeDNA120_140cm"	"SG2"	2	3	"120_200cm"	9	-9	-130	"120_140cm"	"120_140"	"04_120_140"	29.759037	71.160226	618	16.1	89	6.94	37	2.20952	0.022457027	8.235314897	0.201527614	-25.36243518	8.973922303	0.182218346	0.409692078	0.444769024	0.2139	0.069532012	0.1658	0.034691467	2030000	2320000	2060000	2134316.954	7.619226	12.097786	941	6.017736486	934.9822635	0.011744	0.001158	0.000324
"eSB10_lib1"	"SG"	"eDNA"	150	2	1	"SG_eDNA"	"SGeDNA140_160cm"	"SG2"	2	3	"120_200cm"	10	-10	-150	"140_160cm"	"140_160"	"03_140_160"	29.759037	71.160226	618	16.1	89	7.703333	41.633333	1.392309	0.033799705	8.359119679	0.268686076	-26.18780978	7.949361598	0.209989796	0.501751044	0.418513919	0.1284	0.070299866	0.1114	0.019275864	1630000	1540000	1240000	1470578.035	5.824695	7.344743	930.5	12.35219595	918.1478041	0.012948	0.001234	0.000152
"eSB11_lib1"	"SG"	"eDNA"	170	2	1	"SG_eDNA"	"SGeDNA160_180cm"	"SG2"	2	3	"120_200cm"	11	-11	-170	"160_180cm"	"160_180"	"02_160_180"	29.759037	71.160226	618	16.1	89	7.703333	42.8	1.36392	0.027605048	8.673637884	0.207860335	-26.09216702	7.529794345	0.233642672	0.551308677	0.423796472	0.1944	0.106393289	0.1759	0.029755561	7080000	7590000	7100000	7253837.366	9.294664	5.62143	713.2	17.10304054	696.0969595	0.014333	0.001259	0.000203
"eSB12_lib1"	"SG"	"eDNA"	190	2	1	"SG_eDNA"	"SGeDNA180_200cm"	"SG2"	2	3	"120_200cm"	12	-12	-190	"180_200cm"	"180_200"	"01_180_200"	29.759037	71.160226	618	16.1	89	7.57	83.6	0.991301	0.082545918	8.35179281	0.66153775	-27.29229737	8.014178828	0.362278404	0.533168386	0.679482155	0.018458747	0.048178202	0.02177	0.004797004	10300000	10200000	1.1e+07	10479145.12	9.83568	10.812791	865.1	21.85388514	843.2461149	0.015139	0.001254	0.000387
"eSC1_lib1"	"SG"	"eDNA"	2.5	2	1	"SG_eDNA"	"SGeDNA0_5cm"	"SG3"	3	1	"0_40cm"	1	-1	-2.5	"0_5cm"	"0_5"	"12_0_5"	29.759465	71.161234	630	16.1	89	8.893333	21.416667	1.534912	0.002257953	7.908239868	0.019667724	-32.08228482	8.71042348	0.299087894	0.615777072	0.485708071	0.2781	0.120112083	0.1484	0.083918419	8.74e+08	9.36e+08	8.99e+08	902852866.6	6.991841	8.52846	870.3	0.73902027	869.5609797	0.016459	0.001227	0.000203
"eSC3_lib1"	"SG"	"eDNA"	15	2	1	"SG_eDNA"	"SGeDNA10_20cm"	"SG3"	3	1	"0_40cm"	3	-3	-15	"10_20cm"	"10_20"	"10_10_20"	29.759465	71.161234	630	16.1	89	7.693333	61.833333	2.615353	0.006919959	6.030690039	0.050235875	-27.97164011	7.259562283	0.326291807	0.690702281	0.472405863	0.3422	0.043485831	0.2007	0.02756089	3.45e+08	3.21e+08	3.67e+08	344000225	9.996026	6.282024	776	0	776	0.013822	0.001334	8.6e-05
"eSC6_lib1"	"SG"	"eDNA"	70	2	1	"SG_eDNA"	"SGeDNA60_80cm"	"SG3"	3	2	"40_120cm"	6	-6	-70	"60_80cm"	"60_80"	"07_60_80"	29.759465	71.161234	630	16.1	89	8.34	83.733333	2.290616	0.008871572	9.047425152	0.064663203	-26.2215907	7.28880987	0.290142307	0.68153374	0.425719653	0.2305	0.078334165	0.1345	0.059572601	46200000	49100000	44400000	46558427.65	6.465035	8.00573	865.1	1.266891892	863.8331081	0.013165	0.001279	0.000273
"eSC7_lib1"	"SG"	"eDNA"	90	2	1	"SG_eDNA"	"SGeDNA80_100cm"	"SG3"	3	2	"40_120cm"	7	-7	-90	"80_100cm"	"80_100"	"06_80_100"	29.759465	71.161234	630	16.1	89	8.763333	50.866667	1.641504	0.012579865	8.431445668	0.089011779	-25.77337823	7.075734197	0.271687522	0.53958091	0.503515816	0.212	0.122959255	0.1621	0.080117416	29100000	30100000	28700000	29300481.88	5.262393	6.198067	689.6	4.434121622	685.1658784	0.014352	0.001211	0.00022
"eSC8_lib1"	"SG"	"eDNA"	110	2	1	"SG_eDNA"	"SGeDNA100_120cm"	"SG3"	3	2	"40_120cm"	8	-8	-110	"100_120cm"	"100_120"	"05_100_120"	29.759465	71.161234	630	16.1	89	8.986667	50.1	1.787642	0.016543351	9.114179339	0.142294392	-25.53907723	8.60130387	0.191380757	0.616012093	0.310676948	0.212	0.09298621	0.19	0.043315311	22200000	17600000	17900000	19212368.07	7.011126	1.547178	728.9	10.76858108	718.1314189	0.01596	0.001408	0.000288
"eSC9_lib1"	"SG"	"eDNA"	130	2	1	"SG_eDNA"	"SGeDNA120_140cm"	"SG3"	3	3	"120_200cm"	9	-9	-130	"120_140cm"	"120_140"	"04_120_140"	29.759465	71.161234	630	16.1	89	9	56.333333	0.865046	0.025981324	10.18996589	0.18796869	-27.53072557	7.234761821	0.337534252	0.418275775	0.806965815	0.1028	0.002886335	0.1098	0.004379993	18900000	15800000	19100000	17952527.07	4.071966	5.56793	302.1	13.93581081	288.1641892	0.016602	0.001336	0.000118
"eSC10_lib1"	"SG"	"eDNA"	150	2	1	"SG_eDNA"	"SGeDNA140_160cm"	"SG3"	3	3	"120_200cm"	10	-10	-150	"140_160cm"	"140_160"	"03_140_160"	29.759465	71.161234	630	16.1	89	8.783333	32.1	1.367286	0.029131458	9.511546137	0.261589732	-26.86199827	8.979630517	0.158679099	0.415644199	0.381766665	0.1302	0.06905988	0.1245	0.025077221	13200000	13800000	13700000	13564610.6	7.562267	1.543539	757.7	17.10304054	740.5969595	0.01628	0.001242	0.000372
"eSC11_lib1"	"SG"	"eDNA"	170	2	1	"SG_eDNA"	"SGeDNA160_180cm"	"SG3"	3	3	"120_200cm"	11	-11	-170	"160_180cm"	"160_180"	"02_160_180"	29.759465	71.161234	630	16.1	89	8.533333	37.3	0.870684	0.042717887	10.04304581	0.305311453	-29.34150103	7.14715726	0.111639602	0.34758538	0.321186127	0.06518	0.023481016	0.09144	0.004418122	4320000	4570000	4580000	4490000.45	4.07039	10.768388	671.3	25.02111486	646.2788851	0.016341	0.001286	0.000219
"eSC12_lib1"	"SG"	"eDNA"	190	2	1	"SG_eDNA"	"SGeDNA180_200cm"	"SG3"	3	3	"120_200cm"	12	-12	-190	"180_200cm"	"180_200"	"01_180_200"	29.759465	71.161234	630	16.1	89	7.8	88.4	0.875946	0.06133114	10.51288376	0.437548302	-28.78274791	7.134194794	0.03704	0.375003931	0.098772298	0.06518	0.031803027	0.01439	0.002427938	5360000	5620000	5790000	5592592.049	9.249957	4.435609	467.2	63.55574324	403.6442568	0.015162	0.00132	0.00079
"eLA2_lib1"	"LC"	"eDNA"	7.5	3	1	"LC_eDNA"	"LCeDNA5_10cm"	"LC1"	1	1	"0_40cm"	2	-2	-7.5	"5_10cm"	"5_10"	"11_5_10"	33.028375	71.04371	894	14.9	436	7.585	45.1	4.891077	0.089341455	2.848181981	1.08110118	-31.30877417	12.10077872	0.082231349	0.315893671	0.260313379	0.021912601	0.068836555	0.04516	0.050085202	1.53e+08	1.53e+08	1.47e+08	151229124.5	3.336577	11.511765	776	20.3	755.7	0.024335	0.010882	0.016975
"eLA3_lib1"	"LC"	"eDNA"	15	3	1	"LC_eDNA"	"LCeDNA10_20cm"	"LC1"	1	1	"0_40cm"	3	-3	-15	"10_20cm"	"10_20"	"10_10_20"	33.028375	71.04371	894	14.9	436	6.39	43.3	2.258482	0.056742893	4.615547359	0.613814256	-32.66558085	10.81746498	0.080355368	0.354905396	0.226413487	0.037204784	0.098219584	0.06416	0.048310487	92800000	85200000	81200000	86417472.76	0	12.722926	870.3	18.7	851.6	0.023243	0.008649	0.009987
"eLA4_lib1"	"LC"	"eDNA"	30	3	1	"LC_eDNA"	"LCeDNA20_40cm"	"LC1"	1	1	"0_40cm"	4	-4	-30	"20_40cm"	"20_40"	"09_20_40"	33.028375	71.04371	894	14.9	436	6.425	42.7	1.639566	0.038253501	6.222530764	0.363130415	-31.21889731	9.492736663	0.073192697	0.377711375	0.193779435	0.00788848	0.098187257	0.08753	0.041444937	33700000	34400000	34800000	34302093.57	1.212523	14.8702	865.1	4.4	860.7	0.022971	0.008538	0.006302
"eLA5_lib1"	"LC"	"eDNA"	50	3	1	"LC_eDNA"	"LCeDNA40_60cm"	"LC1"	1	2	"40_120cm"	5	-5	-50	"40_60cm"	"40_60"	"08_40_60"	33.028375	71.04371	894	14.9	436	6.345	34.85	1.608978	0.021394198	6.72730328	0.233358706	-31.28884793	10.90756985	0.066926911	0.347057245	0.192841129	0	0.103907167	0.1221	0.044830263	2820000	2960000	2660000	2812196.7	0.808568	11.899197	642.5	4.4	638.1	0.022781	0.003124	0.004149
"eLA6_lib1"	"LC"	"eDNA"	70	3	1	"LC_eDNA"	"LCeDNA60_80cm"	"LC1"	1	2	"40_120cm"	6	-6	-70	"60_80cm"	"60_80"	"07_60_80"	33.028375	71.04371	894	14.9	436	6.285	31.35	1.172215	0.01740277	7.323300891	0.183214661	-33.92069847	10.52790233	0.110523918	0.359347232	0.307568581	0.054841836	0.196017555	0.1509	0.174902735	753000	672000	543000	655932.9552	1.608802	2.974745	925.3	4.4	920.9	0.021762	0.003094	0.002833
"eLA7_lib1"	"LC"	"eDNA"	90	3	1	"LC_eDNA"	"LCeDNA80_100cm"	"LC1"	1	2	"40_120cm"	7	-7	-90	"80_100cm"	"80_100"	"06_80_100"	33.028375	71.04371	894	14.9	436	6.295	27.7	1.164552	0.003786124	4.88533222	0.081926672	-36.65772773	21.6386681	0.081651417	0.321238957	0.254176571	0.022252292	0.080241774	0.06914	0.053063986	46000	44300	46400	45585.80036	0	2.237627	728.9	4.4	724.5	0.019879	0.003111	0.002327
"eLA8_lib1"	"LC"	"eDNA"	110	3	1	"LC_eDNA"	"LCeDNA100_120cm"	"LC1"	1	2	"40_120cm"	8	-8	-110	"100_120cm"	"100_120"	"05_100_120"	33.028375	71.04371	894	14.9	436	6.285	24.85	2.679089	0.003637502	4.715966113	0.091735508	-33.49546707	25.21936703	0.059695874	0.263381077	0.226652098	0.001441693	0.084000309	0.05803	0.056222279	131000	142000	118000	130364.7781	2.4505	2.264436	755.1	3.4	751.7	0.017312	0.003414	0.001797
"eLA9_lib1"	"LC"	"eDNA"	130	3	1	"LC_eDNA"	"LCeDNA120_140cm"	"LC1"	1	3	"120_200cm"	9	-9	-130	"120_140cm"	"120_140"	"04_120_140"	33.028375	71.04371	894	14.9	436	6.44	25	1.200161	0.007639293	6.848530631	0.084616575	-35.33999471	11.07649309	0.029792505	0.296751158	0.10039558	0	0.028295169	0.00823	0.035186396	712000	653000	595000	653313.3922	0.805396	3.715682	377.9	1.8	376.1	0.013075	0.003222	0.001805
"eLA10_lib1"	"LC"	"eDNA"	150	3	1	"LC_eDNA"	"LCeDNA140_160cm"	"LC1"	1	3	"120_200cm"	10	-10	-150	"140_160cm"	"140_160"	"03_140_160"	33.028375	71.04371	894	14.9	436	6.61	21.7	0.320449	0.001995434	3.573361599	0.032993528	-36.96231096	16.53451272	0.075280023	0.275845538	0.272906438	0.012288971	0.054071094	0.0326	0.05683392	66100	58400	57300	60612.32999	1.5973	5.885708	332.1	0	332.1	0.016974	0.003168	0.001739
"eLA11_lib1"	"LC"	"eDNA"	170	3	1	"LC_eDNA"	"LCeDNA160_180cm"	"LC1"	1	3	"120_200cm"	11	-11	-170	"160_180cm"	"160_180"	"02_160_180"	33.028375	71.04371	894	14.9	436	6.81	20.45	2.82867	0.001241004	2.763516331	0.033119724	-37.54488562	26.68785031	0.114705383	0.279642372	0.41018599	0.053598742	0.081179103	0.05517	0.088629819	9570	9930	10800	10089.79764	7.178974	3.065363	629.4	0.2	629.2	0.017059	0.003119	0.001851
"eLA12_lib1"	"LC"	"eDNA"	190	3	1	"LC_eDNA"	"LCeDNA180_200cm"	"LC1"	1	3	"120_200cm"	12	-12	-190	"180_200cm"	"180_200"	"01_180_200"	33.028375	71.04371	894	14.9	436	6.7325	19.75	2.463108	0.001762942	0.359606723	0.071436019	-38.58432046	40.52090758	0.143653431	0.308762543	0.46525537	0.041099201	0.074488051	0.03788	0.078907844	310000	311000	310000	309944.5313	5.173949	4.190103	334.7	0	334.7	0.0165185	0.0030695	0.001521
"eLB1_lib1"	"LC"	"eDNA"	2.5	3	1	"LC_eDNA"	"LCeDNA0_5cm"	"LC2"	2	1	"0_40cm"	1	-1	-2.5	"0_5cm"	"0_5"	"12_0_5"	33.028585	71.041269	928	14.9	436	6.07	239	5.781201	0.180306982	2.077191973	7.488648126	-31.2046026	41.53276851	0.171847376	0.680155852	0.252658821	0.063858617	0.08950662	0.08297	0.063730738	6.67e+08	4.72e+08	5.17e+08	551892629.6	8.211898	24.261998	878.2	49.3	828.9	0.03148	0.011319	0.018917
"eLB2_lib1"	"LC"	"eDNA"	7.5	3	1	"LC_eDNA"	"LCeDNA5_10cm"	"LC2"	2	1	"0_40cm"	2	-2	-7.5	"5_10cm"	"5_10"	"11_5_10"	33.028585	71.041269	928	14.9	436	6.28	60.9	1.575868	0.063615315	4.145697577	0.717085265	-29.96362173	11.27221115	0.218146385	0.692134023	0.315179399	0.07948192	0.098253788	0.07311	0.065115908	4.04e+08	4.26e+08	4.25e+08	418569867.7	5.514876	3.767925	530.6	10.8	519.8	0.028756	0.008092	0.011681
"eLB3_lib1"	"LC"	"eDNA"	15	3	1	"LC_eDNA"	"LCeDNA10_20cm"	"LC2"	2	1	"0_40cm"	3	-3	-15	"10_20cm"	"10_20"	"10_10_20"	33.028585	71.041269	928	14.9	436	6.42	47.5	2.441017	0.062683431	4.10719592	0.671168782	-30.11901398	10.70727584	0.286844879	0.667517765	0.429718719	0.119007117	0.138783634	0.1707	0.089545431	1.74e+08	1.83e+08	1.67e+08	174357837.5	9.538267	3.790946	933.1	11.8	921.3	0.026604	0.003329	0.007068
"eLB4_lib1"	"LC"	"eDNA"	30	3	1	"LC_eDNA"	"LCeDNA20_40cm"	"LC2"	2	1	"0_40cm"	4	-4	-30	"20_40cm"	"20_40"	"09_20_40"	33.028585	71.041269	928	14.9	436	6.705	43	0.689447	0.051230549	5.883111931	0.493699078	-29.22282802	9.636810183	0.173950377	0.852990561	0.203930014	0.086041737	0.116728126	0.1619	0.078022741	98600000	98200000	87700000	94837491.16	3.124838	10.447849	815.3	7.1	808.2	0.027045	0.003264	0.003709
"eLB5_lib1"	"LC"	"eDNA"	50	3	1	"LC_eDNA"	"LCeDNA40_60cm"	"LC2"	2	2	"40_120cm"	5	-5	-50	"40_60cm"	"40_60"	"08_40_60"	33.028585	71.041269	928	14.9	436	6.51	48.2	2.491394	0.033382238	6.744974081	0.281547423	-30.69765225	8.43404865	0.190134766	0.703425599	0.270298333	0.118892722	0.223174421	0.1768	0.189381675	28900000	3.4e+07	3.1e+07	31310805.49	4.770055	9.869541	977.7	12.9	964.8	0.029415	0.003109	0.002887
"eLB6_lib1"	"LC"	"eDNA"	70	3	1	"LC_eDNA"	"LCeDNA60_80cm"	"LC2"	2	2	"40_120cm"	6	-6	-70	"60_80cm"	"60_80"	"07_60_80"	33.028585	71.041269	928	14.9	436	6.365	59.75	1.628213	0.021834575	6.720111475	0.189636522	-31.17808434	8.685148427	0.125552529	0.698077523	0.179854708	0.092091358	0.155825883	0.1496	0.111757245	1520000	1640000	1590000	1582461.368	8.671104	3.777288	946.2	10.2	936	0.027521	0.00304	0.002151
"eLB7_lib1"	"LC"	"eDNA"	90	3	1	"LC_eDNA"	"LCeDNA80_100cm"	"LC2"	2	2	"40_120cm"	7	-7	-90	"80_100cm"	"80_100"	"06_80_100"	33.028585	71.041269	928	14.9	436	6.36	37.85	2.607923	0.01599848	5.996939246	0.138890249	-31.33973729	8.68146518	0.097633849	0.584973303	0.166903086	0.037121847	0.116947307	0.09126	0.094593123	2270000	2330000	2220000	2275506.864	8.924449	6.825519	841.5	10.8	830.7	0.026062	0.003018	0.001967
"eLB8_lib1"	"LC"	"eDNA"	110	3	1	"LC_eDNA"	"LCeDNA100_120cm"	"LC2"	2	2	"40_120cm"	8	-8	-110	"100_120cm"	"100_120"	"05_100_120"	33.028585	71.041269	928	14.9	436	6.085	31.5	6.968045	0.018448669	5.894022876	0.174264855	-31.82337735	9.44593122	0.080134353	0.601689335	0.133182273	0.028715037	0.11020566	0.07622	0.102588083	2340000	2650000	2940000	2645359.38	4.228413	12.607389	946.2	8.7	937.5	0.024624	0.003245	0.001408
"eLB9_lib1"	"LC"	"eDNA"	130	3	1	"LC_eDNA"	"LCeDNA120_140cm"	"LC2"	2	3	"120_200cm"	9	-9	-130	"120_140cm"	"120_140"	"04_120_140"	33.028585	71.041269	928	14.9	436	6.185	27.2	7.513935	0.008759362	-1.776440505	0.114858979	-32.52437578	13.11271	0.071160521	0.527235599	0.134969113	0.012088573	0.07314579	0.07568	0.079185177	1180000	1370000	1270000	1272295.34	5.946925	15.851695	901.7	10.2	891.5	0.020159	0.003279	0.00172
"eLB10_lib1"	"LC"	"eDNA"	150	3	1	"LC_eDNA"	"LCeDNA140_160cm"	"LC2"	2	3	"120_200cm"	10	-10	-150	"140_160cm"	"140_160"	"03_140_160"	33.028585	71.041269	928	14.9	436	6.405	26.15	4.249488	0.002340254	-5.555879794	0.02632708	-32.56912058	11.24966819	0.077655034	0.504761123	0.153845116	0.021358211	0.042278755	0	0.071170717	471000	455000	393000	439262.8997	6.593511	16.14697	502.7	0	502.7	0.018786	0.003154	0.001807
"eLB11_lib1"	"LC"	"eDNA"	170	3	1	"LC_eDNA"	"LCeDNA160_180cm"	"LC2"	2	3	"120_200cm"	11	-11	-170	"160_180cm"	"160_180"	"02_160_180"	33.028585	71.041269	928	14.9	436	6.545	42	7.060165	0.007190036	0.332450497	0.074684109	-33.18308491	10.38716794	0.196008907	0.488969804	0.400860963	0.043180845	0.069762975	0.1437	0.108951712	189000	196000	202000	195842.4801	4.230406	9.474622	569.2	3.9	565.3	0.018243	0.003167	0.001695
"eLB12_lib1"	"LC"	"eDNA"	190	3	1	"LC_eDNA"	"LCeDNA180_200cm"	"LC2"	2	3	"120_200cm"	12	-12	-190	"180_200cm"	"180_200"	"01_180_200"	33.028585	71.041269	928	14.9	436	6.675	37.75	1.927899	0.009207659	1.801404941	0.098061123	-32.41899952	10.64995135	0.216886537	0.52155387	0.415846857	0.112470073	0.089447533	0.08785	0.12510402	31600	30700	32100	31453.42398	4.834718	7.539455	933.1	6	927.1	0.017491	0.003058	0.001631
"eLC1_lib2"	"LC"	"eDNA"	2.5	3	1	"LC_eDNA"	"LCeDNA0_5cm"	"LC3"	3	1	"0_40cm"	1	-1	-2.5	"0_5cm"	"0_5"	"12_0_5"	33.028718	71.04717	854	14.9	436	6.195	101.15	2.929085	0.095366528	1.614082113	7.056884804	-32.6043006	73.99750161	0.377746762	0.616400024	0.612827299	0.223266416	0.105903961	0.06741	0.115314583	7.89e+08	7.58e+08	6.49e+08	732193424.7	13.021218	15.96064	901.7	29.8	871.9	0.017313	0.0079	0.012249
"eLC2_lib2"	"LC"	"eDNA"	7.5	3	1	"LC_eDNA"	"LCeDNA5_10cm"	"LC3"	3	1	"0_40cm"	2	-2	-7.5	"5_10cm"	"5_10"	"11_5_10"	33.028718	71.04717	854	14.9	436	6.225	23.05	5.51206	0.020507664	2.996634357	0.196620648	-31.59644099	9.587666633	0.309263183	1.098690006	0.281483568	0.164883891	0.115097507	0.103	0.115314583	3.6e+08	3.21e+08	3.22e+08	334345095.6	5.005539	4.694	927.9	16	911.9	0.019245	0.005539	0.007984
"eLC3_lib2"	"LC"	"eDNA"	15	3	1	"LC_eDNA"	"LCeDNA10_20cm"	"LC3"	3	1	"0_40cm"	3	-3	-15	"10_20cm"	"10_20"	"10_10_20"	33.028718	71.04717	854	14.9	436	6.61	26.75	3.815844	0.029662998	5.029659184	0.304481664	-30.20076188	10.26469617	0.098511438	0.848900222	0.116045956	0.051155237	0.01420254	0.03845	0.102757539	1.55e+08	1.53e+08	1.76e+08	161340850.7	3.281678	9.977304	948.9	12.4	936.5	0.020213	0.004767	0.004793
"eLC4_lib2"	"LC"	"eDNA"	30	3	1	"LC_eDNA"	"LCeDNA20_40cm"	"LC3"	3	1	"0_40cm"	4	-4	-30	"20_40cm"	"20_40"	"09_20_40"	33.028718	71.04717	854	14.9	436	6.615	23.95	2.7886	0.017712591	3.761513107	0.204194503	-30.20161422	11.52821168	0.066033164	0.698355948	0.094555168	0.046979588	0.05491362	0.03015	0.090200496	90700000	80200000	88100000	86321425.55	8.123659	3.039952	880.8	6.5	874.3	0.023415	0.00364	0.003221
"eLC5_lib2"	"LC"	"eDNA"	50	3	1	"LC_eDNA"	"LCeDNA40_60cm"	"LC3"	3	2	"40_120cm"	5	-5	-50	"40_60cm"	"40_60"	"08_40_60"	33.028718	71.04717	854	14.9	436	6.655	19.7	2.504607	0.016195875	6.125794567	0.132130045	-29.01435988	8.158253042	0.059639957	0.823860024	0.072390886	0.046354005	0.023304186	0.03313	0.098038119	21700000	21500000	23500000	22209561.73	4.830735	11.939829	935.8	7.6	928.2	0.028732	0.003314	0.002904
"eLC6_lib2"	"LC"	"eDNA"	70	3	1	"LC_eDNA"	"LCeDNA60_80cm"	"LC3"	3	2	"40_120cm"	6	-6	-70	"60_80cm"	"60_80"	"07_60_80"	33.028718	71.04717	854	14.9	436	6.675	18.25	3.566747	0.005475086	0.980917984	0.064389774	-31.25409501	11.76050363	0.112343682	0.66961566	0.167773379	0.06377432	0.067903581	0.0314	0.105875742	7380000	8050000	8020000	7815025.729	4.070507	15.053312	799.6	6.5	793.1	0.028792	0.003478	0.002002
"eLC7_lib2"	"LC"	"eDNA"	90	3	1	"LC_eDNA"	"LCeDNA80_100cm"	"LC3"	3	2	"40_120cm"	7	-7	-90	"80_100cm"	"80_100"	"06_80_100"	33.028718	71.04717	854	14.9	436	6.76	13.5	3.86727	0.005031217	3.941066624	0.0465556	-31.02711855	9.253347515	0.203576261	0.820739107	0.248040161	0.1197	0.046363043	0.0237	0.104199664	1040000	998000	955000	997400.8599	3.265034	13.60573	421.6	0	421.6	0.027234	0.003609	0.001852
"eLC8_lib2"	"LC"	"eDNA"	110	3	1	"LC_eDNA"	"LCeDNA100_120cm"	"LC3"	3	2	"40_120cm"	8	-8	-110	"100_120cm"	"100_120"	"05_100_120"	33.028718	71.04717	854	14.9	436	6.9	11.6	3.739574	0.006672486	3.052008881	0.069243332	-31.02354988	10.37744142	0.17379023	0.894541077	0.194278647	0.1143	0.007082179	0.03867	0.106385678	1610000	1690000	1530000	1609118.898	0.815001	16.60515	943.6	3.9	939.7	0.028373	0.003043	0.00147
"eLC9_lib2"	"LC"	"eDNA"	130	3	1	"LC_eDNA"	"LCeDNA120_140cm"	"LC3"	3	3	"120_200cm"	9	-9	-130	"120_140cm"	"120_140"	"04_120_140"	33.028718	71.04717	854	14.9	436	7.045	13.65	5.720727	0.004077997	-2.882553333	0.035546053	-31.56092047	8.716547307	0.092508661	0.833292885	0.111015781	0.07769	0.067696181	0.02818	0.108571691	2810	2810	2830	2816.205089	1.660856	19.218542	899.1	5	894.1	0.030352	0.003136	0.001533
"eLC10_lib2"	"LC"	"eDNA"	150	3	1	"LC_eDNA"	"LCeDNA140_160cm"	"LC3"	3	3	"120_200cm"	10	-10	-150	"140_160cm"	"140_160"	"03_140_160"	33.028718	71.04717	854	14.9	436	7.115	22.35	6.634517	0.003122916	-0.603344239	0.040743332	-32.21960762	13.04656531	0.024309059	0.667441907	0.036421236	0.03309	0	0.002334	0.104204362	29500	23300	29200	27335.8783	1.674634	8.540493	985.5	3.9	981.6	0.025838	0.003448	0.001457
"eLC11_lib2"	"LC"	"eDNA"	170	3	1	"LC_eDNA"	"LCeDNA160_180cm"	"LC3"	3	3	"120_200cm"	11	-11	-170	"160_180cm"	"160_180"	"02_160_180"	33.028718	71.04717	854	14.9	436	7.13	18.3	6.098379	0.001676711	-5.072148224	0.016753827	-32.61771071	9.992076317	0.144007057	0.684578591	0.210358692	0.0964	0.025424385	0.002849	0.099837033	71000	78500	68200	72572.76697	0.83329	11.577287	449.5	0	449.5	0.029166	0.003174	0.001627
"eLC12_lib2"	"LC"	"eDNA"	190	3	1	"LC_eDNA"	"LCeDNA180_200cm"	"LC3"	3	3	"120_200cm"	12	-12	-190	"180_200cm"	"180_200"	"01_180_200"	33.028718	71.04717	854	14.9	436	6.4	14.25	2.581679	0.002184415	-4.250979873	0.030368411	-32.46278952	13.90230768	0.084883315	0.761469147	0.111473085	0.05533	0.006438599	0.01729	0.099837033	84500	93700	90700	89633.59408	2.417687	11.94413	1006.5	13.4	993.1	0.027769	0.003163	0.001265
"eNA1_lib2"	"NB"	"eDNA"	2.5	4	1	"NB_eDNA"	"NBeDNA0_5cm"	"NB1"	1	1	"0_40cm"	1	-1	-2.5	"0_5cm"	"0_5"	"12_0_5"	37.79371	72.95065	1113	14.1	1084	5.865	57.15	12.728907	0.538648029	5.716175076	8.744978561	-28.962759	16.23505162	0.409764341	0.739017349	0.554471883	0.4085	0.992463143	0.8623	0.122772331	9.01e+08	9.51e+08	7.97e+08	882887411.1	14.904461	12.417981	527.3	47.7	479.6	0.045542	0.017191	0.031132
"eNA2_lib2"	"NB"	"eDNA"	7.5	4	1	"NB_eDNA"	"NBeDNA5_10cm"	"NB1"	1	1	"0_40cm"	2	-2	-7.5	"5_10cm"	"5_10"	"11_5_10"	37.79371	72.95065	1113	14.1	1084	5.605	78.5	27.762974	0.431697252	5.829925712	6.900977337	-28.07102403	15.98568745	0.402961114	0.68731205	0.586285537	0.4064	0.928823592	0.6761	0.115401263	4.96e+08	4.69e+08	4.84e+08	483213589.7	7.39708	22.742304	461.9	7.1	454.8	0.048818	0.01926	0.032558
"eNA3_lib2"	"NB"	"eDNA"	15	4	1	"NB_eDNA"	"NBeDNA10_20cm"	"NB1"	1	1	"0_40cm"	3	-3	-15	"10_20cm"	"10_20"	"10_10_20"	37.79371	72.95065	1113	14.1	1084	5.855	57.95	18.593676	0.368402247	6.363504798	6.443770727	-29.69400062	17.49112767	0.575027094	0.623197928	0.922703796	0.4043	1.238231302	0.79985	0.143429252	3.12e+08	3.17e+08	3.28e+08	318861777	3.924765	16.101031	658.2	2.3	655.9	0.040773	0.015239	0.018283
"eNA4_lib2"	"NB"	"eDNA"	30	4	1	"NB_eDNA"	"NBeDNA20_40cm"	"NB1"	1	1	"0_40cm"	4	-4	-30	"20_40cm"	"20_40"	"09_20_40"	37.79371	72.95065	1113	14.1	1084	6.165	25.1	17.620835	0.239221434	7.542006934	4.345510425	-29.53176106	18.16522187	0.396527132	0.661934308	0.599043028	0.4	1.302494196	0.7602	0.166382336	1.4e+08	1.4e+08	1.28e+08	135607413.6	2.918858	6.990429	425.2	25	400.2	0.039144	0.014908	0.008724
"eNA5_lib2"	"NB"	"eDNA"	50	4	1	"NB_eDNA"	"NBeDNA40_60cm"	"NB1"	1	2	"40_120cm"	5	-5	-50	"40_60cm"	"40_60"	"08_40_60"	37.79371	72.95065	1113	14.1	1084	6.105	16.7	18.918598	0.147022855	8.229661753	2.886309608	-28.20103717	19.63170695	0.393326952	0.606459636	0.648562457	0.4237	1.007199719	0.7059	0.129172798	92800000	1.06e+08	1.04e+08	101062031.5	2.951771	8.086225	506.4	29.2	477.2	0.03778	0.014706	0.008423
"eNA6_lib2"	"NB"	"eDNA"	70	4	1	"NB_eDNA"	"NBeDNA60_80cm"	"NB1"	1	2	"40_120cm"	6	-6	-70	"60_80cm"	"60_80"	"07_60_80"	37.79371	72.95065	1113	14.1	1084	5.82	21.9	21.171771	0.100417601	8.024644183	1.80074671	-29.95514355	17.93258047	0.407362873	0.548757308	0.742337035	0.3417	0.886791606	0.5786	0.109624862	76600000	81700000	79500000	79266539.02	4.010696	6.151777	608.5	30.3	578.2	0.030899	0.010158	0.006563
"eNA7_lib2"	"NB"	"eDNA"	90	4	1	"NB_eDNA"	"NBeDNA80_100cm"	"NB1"	1	2	"40_120cm"	7	-7	-90	"80_100cm"	"80_100"	"06_80_100"	37.79371	72.95065	1113	14.1	1084	5.72	14.25	14.316653	0.065789093	7.634428821	1.039316987	-30.75457846	15.79770952	0.290020229	0.52905295	0.548187528	0.2367	0.580220244	0.3959	0.075796128	40400000	38700000	39600000	39575134.59	10.399393	6.736103	619	26.1	592.9	0.025676	0.009183	0.00623
"eNA8_lib2"	"NB"	"eDNA"	110	4	1	"NB_eDNA"	"NBeDNA100_120cm"	"NB1"	1	2	"40_120cm"	8	-8	-110	"100_120cm"	"100_120"	"05_100_120"	37.79371	72.95065	1113	14.1	1084	5.52	9.95	13.841808	0.036126202	6.583984828	0.558012543	-30.25366669	15.44619987	0.171221935	0.415385462	0.412200115	0.1656	0.332950424	0.3163	0.053328512	12500000	12300000	1.3e+07	12580600.81	4.705032	1.944751	375.5	26.1	349.4	0.012181	0.003434	0.004819
"eNA9_lib2"	"NB"	"eDNA"	130	4	1	"NB_eDNA"	"NBeDNA120_140cm"	"NB1"	1	3	"120_200cm"	9	-9	-130	"120_140cm"	"120_140"	"04_120_140"	37.79371	72.95065	1113	14.1	1084	5.63	8.25	22.643355	0.020768592	6.346352106	0.293828537	-31.5261537	14.1477352	0.112361644	0.298023733	0.37702247	0.1083	0.196719824	0.2168	0.047002403	8150000	8800000	8430000	8461617.257	6.087722	5.212453	341.4	17.6	323.8	0.005384	0.003761	0.003843
"eNA10_lib2"	"NB"	"eDNA"	150	4	1	"NB_eDNA"	"NBeDNA140_160cm"	"NB1"	1	3	"120_200cm"	10	-10	-150	"140_160cm"	"140_160"	"03_140_160"	37.79371	72.95065	1113	14.1	1084	5.515	9.2	48.505917	0.010759518	4.97929127	0.134029767	-31.54231011	12.45685583	0.060953444	0.231795632	0.262962005	0.06638	0.135323583	0.1502	0.039435086	5270000	5010000	5410000	5227211.341	4.912527	6.296769	509	22.9	486.1	0.005703	0.004307	0.002252
"eNA11_lib2"	"NB"	"eDNA"	170	4	1	"NB_eDNA"	"NBeDNA160_180cm"	"NB1"	1	3	"120_200cm"	11	-11	-170	"160_180cm"	"160_180"	"02_160_180"	37.79371	72.95065	1113	14.1	1084	5.865	9.95	58.443396	0.008152597	4.915959973	0.079423542	-30.63067403	9.742115103	0.049651699	0.235058254	0.211231463	0.05794	0.118504181	0.1218	0.041960435	10300000	13300000	10400000	11339913.56	10.555267	4.903237	336.2	11.8	324.4	0.006211	0.004925	0.002113
"eNA12_lib2"	"NB"	"eDNA"	190	4	1	"NB_eDNA"	"NBeDNA180_200cm"	"NB1"	1	3	"120_200cm"	12	-12	-190	"180_200cm"	"180_200"	"01_180_200"	37.79371	72.95065	1113	14.1	1084	5.735	6.3	59.980852	0.009180393	4.403988733	0.100347784	-31.06000901	10.93066296	0.028182635	0.236946739	0.118940802	0.02699	0.081303144	0.07542	0.02274665	4720000	4360000	4480000	4520957.381	2.664908	3.712625	687	6	681	0.005711	0.004706	0.001973
"eNB1_lib2"	"NB"	"eDNA"	2.5	4	1	"NB_eDNA"	"NBeDNA0_5cm"	"NB2"	2	1	"0_40cm"	1	-1	-2.5	"0_5cm"	"0_5"	"12_0_5"	37.79017	72.95125	1126	14.1	1084	5.48	59.15	54.375675	NA	NA	NA	NA	NA	NA	NA	NA	NA	NA	NA	NA	2.43e+08	2.47e+08	1.97e+08	228875347.2	67.953352	16.973956	NA	NA	NA	0.052565	0.019799	0.029614
"eNB2_lib2"	"NB"	"eDNA"	7.5	4	1	"NB_eDNA"	"NBeDNA5_10cm"	"NB2"	2	1	"0_40cm"	2	-2	-7.5	"5_10cm"	"5_10"	"11_5_10"	37.79017	72.95125	1126	14.1	1084	5.2725	42.875	52.012908	NA	NA	NA	NA	NA	NA	NA	NA	NA	NA	NA	NA	2.46e+08	2.2e+08	2.07e+08	224292585.6	40.566084	14.958441	NA	NA	NA	0.0494635	0.018648	0.0274525
"eNB3_lib2"	"NB"	"eDNA"	15	4	1	"NB_eDNA"	"NBeDNA10_20cm"	"NB2"	2	1	"0_40cm"	3	-3	-15	"10_20cm"	"10_20"	"10_10_20"	37.79017	72.95125	1126	14.1	1084	5.065	26.6	49.650141	NA	NA	NA	NA	NA	NA	NA	NA	NA	NA	NA	NA	1.71e+08	1.67e+08	1.6e+08	165766406.9	13.178816	12.942926	NA	NA	NA	0.046362	0.017497	0.025291
"eNB4_lib2"	"NB"	"eDNA"	30	4	1	"NB_eDNA"	"NBeDNA20_40cm"	"NB2"	2	1	"0_40cm"	4	-4	-30	"20_40cm"	"20_40"	"09_20_40"	37.79017	72.95125	1126	14.1	1084	5.065	15.55	59.420978	NA	NA	NA	NA	NA	NA	NA	NA	NA	NA	NA	NA	1.36e+08	1.23e+08	1.25e+08	128041063.1	8.936316	16.294973	NA	NA	NA	0.044893	0.012448	0.022213
"eNB5_lib2"	"NB"	"eDNA"	50	4	1	"NB_eDNA"	"NBeDNA40_60cm"	"NB2"	2	2	"40_120cm"	5	-5	-50	"40_60cm"	"40_60"	"08_40_60"	37.79017	72.95125	1126	14.1	1084	5.165	9.55	48.088235	NA	NA	NA	NA	NA	NA	NA	NA	NA	NA	NA	NA	91400000	84700000	75600000	83889464.28	11.853361	8.138992	NA	NA	NA	0.018467	0.011674	0.017351
"eNB6_lib2"	"NB"	"eDNA"	70	4	1	"NB_eDNA"	"NBeDNA60_80cm"	"NB2"	2	2	"40_120cm"	6	-6	-70	"60_80cm"	"60_80"	"07_60_80"	37.79017	72.95125	1126	14.1	1084	5.185	18.5	57.202993	NA	NA	NA	NA	NA	NA	NA	NA	NA	NA	NA	NA	75900000	78800000	7.6e+07	76883567.11	11.328749	25.964883	NA	NA	NA	0.017685	0.010336	0.010978
"eNB7_lib2"	"NB"	"eDNA"	90	4	1	"NB_eDNA"	"NBeDNA80_100cm"	"NB2"	2	2	"40_120cm"	7	-7	-90	"80_100cm"	"80_100"	"06_80_100"	37.79017	72.95125	1126	14.1	1084	5.305	8.45	57.435817	NA	NA	NA	NA	NA	NA	NA	NA	NA	NA	NA	NA	20800000	21100000	23300000	21756160.09	6.302332	3.723195	NA	NA	NA	0.012327	0.005143	0.005956
"eNB8_lib2"	"NB"	"eDNA"	110	4	1	"NB_eDNA"	"NBeDNA100_120cm"	"NB2"	2	2	"40_120cm"	8	-8	-110	"100_120cm"	"100_120"	"05_100_120"	37.79017	72.95125	1126	14.1	1084	5.36	9.05	62.98817	NA	NA	NA	NA	NA	NA	NA	NA	NA	NA	NA	NA	43600000	44500000	45300000	44507451.6	6.524416	11.54077	NA	NA	NA	0.009844	0.002907	0.002418
"eNB9_lib2"	"NB"	"eDNA"	130	4	1	"NB_eDNA"	"NBeDNA120_140cm"	"NB2"	2	3	"120_200cm"	9	-9	-130	"120_140cm"	"120_140"	"04_120_140"	37.79017	72.95125	1126	14.1	1084	5.21	8.25	87.486075	NA	NA	NA	NA	NA	NA	NA	NA	NA	NA	NA	NA	5340000	4840000	4740000	4973631.972	9.006728	4.446044	NA	NA	NA	0.007518	0.003	0.001531
"eNB10_lib2"	"NB"	"eDNA"	150	4	1	"NB_eDNA"	"NBeDNA140_160cm"	"NB2"	2	3	"120_200cm"	10	-10	-150	"140_160cm"	"140_160"	"03_140_160"	37.79017	72.95125	1126	14.1	1084	5.195	6.7	65.042511	NA	NA	NA	NA	NA	NA	NA	NA	NA	NA	NA	NA	1280000	1220000	1350000	1283581.217	6.606044	5.212419	NA	NA	NA	0.011916	0.00304	0.000312
"eNB11_lib2"	"NB"	"eDNA"	170	4	1	"NB_eDNA"	"NBeDNA160_180cm"	"NB2"	2	3	"120_200cm"	11	-11	-170	"160_180cm"	"160_180"	"02_160_180"	37.79017	72.95125	1126	14.1	1084	5.695	5.7	61.76565	NA	NA	NA	NA	NA	NA	NA	NA	NA	NA	NA	NA	204000	206000	195000	201645.6789	5.181636	0.007305	NA	NA	NA	0.019703	0.002575	0.000404
"eNB12_lib2"	"NB"	"eDNA"	190	4	1	"NB_eDNA"	"NBeDNA180_200cm"	"NB2"	2	3	"120_200cm"	12	-12	-190	"180_200cm"	"180_200"	"01_180_200"	37.79017	72.95125	1126	14.1	1084	5.5	7.15	65.24029	NA	NA	NA	NA	NA	NA	NA	NA	NA	NA	NA	NA	657000	622000	649000	642412.0051	6.451125	12.133097	NA	NA	NA	0.03009	0.002341	-0.000147
"eNAC1_lib2"	"NB"	"eDNA"	2.5	4	1	"NB_eDNA"	"NBeDNA0_5cm"	"NB3"	3	1	"0_40cm"	1	-1	-2.5	"0_5cm"	"0_5"	"12_0_5"	37.79533	72.94868	1120	14.1	1084	5.46	39.7	24.764151	0.386264361	4.727795517	6.183245662	-30.7626588	16.00780782	0.404161242	0.388757641	1.039622633	0.3661	1.019358433	0.93005	0.165723144	3.47e+08	3.21e+08	3.43e+08	337285710.2	9.740926	8.247012	700.1	73.1	627	0.031503	0.019328	0.033853
"eNAC2_lib2"	"NB"	"eDNA"	7.5	4	1	"NB_eDNA"	"NBeDNA5_10cm"	"NB3"	3	1	"0_40cm"	2	-2	-7.5	"5_10cm"	"5_10"	"11_5_10"	37.79533	72.94868	1120	14.1	1084	5.13	56.3	35.825923	0.410508821	5.311868524	6.331284616	-29.53669508	15.42301724	0.516402905	0.423821314	1.218444866	0.4374	1.293748932	1.049666667	0.185877743	2.53e+08	2.38e+08	2.56e+08	249026440.7	8.486489	15.955113	485.4	80.4	405	0.034242	0.020974	0.036243
"eNAC3_lib2"	"NB"	"eDNA"	15	4	1	"NB_eDNA"	"NBeDNA10_20cm"	"NB3"	3	1	"0_40cm"	3	-3	-15	"10_20cm"	"10_20"	"10_10_20"	37.79533	72.94868	1120	14.1	1084	5.175	58.15	60.079302	0.461040785	5.664304232	7.497458021	-29.69221695	16.26202771	0.517753346	0.822740372	0.62930344	0.3643	1.350028916	0.8112	0.181970681	1.66e+08	1.77e+08	1.73e+08	172152564.8	4.998031	30.522914	558.7	109	449.7	0.03733	0.022798	0.036365
"eNAC4_lib2"	"NB"	"eDNA"	30	4	1	"NB_eDNA"	"NBeDNA20_40cm"	"NB3"	3	1	"0_40cm"	4	-4	-30	"20_40cm"	"20_40"	"09_20_40"	37.79533	72.94868	1120	14.1	1084	5.18	40.8	34.245661	0.262754193	7.021826125	2.910839299	-29.55810948	11.07818402	0.622673323	0.298370086	2.086916054	0.4465	1.607871481	1.109	0.261509025	1.43e+08	1.44e+08	1.45e+08	143706989.7	5.238879	18.698593	810.1	41.9	768.2	0.0285	0.014241	0.009017
"eNAC5_lib2"	"NB"	"eDNA"	50	4	1	"NB_eDNA"	"NBeDNA40_60cm"	"NB3"	3	2	"40_120cm"	5	-5	-50	"40_60cm"	"40_60"	"08_40_60"	37.79533	72.94868	1120	14.1	1084	5.215	23.5	23.452528	0.25164598	7.539006563	4.184524677	-29.73564067	16.62861722	0.583220562	0.85965422	0.678436222	0.4063	1.485846521	0.9913	0.240597313	98400000	1.07e+08	1.11e+08	105666838.1	2.891481	9.972603	639.9	52.5	587.4	0.025073	0.007695	0.004259
"eNAC6_lib2"	"NB"	"eDNA"	70	4	1	"NB_eDNA"	"NBeDNA60_80cm"	"NB3"	3	2	"40_120cm"	6	-6	-70	"60_80cm"	"60_80"	"07_60_80"	37.79533	72.94868	1120	14.1	1084	5.11	22.7	53.100834	0.099405812	7.564123471	1.669439836	-30.90478647	16.79418744	0.520276835	0.791617905	0.657232273	0.3475	0.94568054	0.8361	0.156847436	1.17e+08	1.19e+08	1.21e+08	119255014.5	3.586269	12.368304	650.4	35.1	615.3	0.026349	0.009301	0.001812
"eNAC7_lib2"	"NB"	"eDNA"	90	4	1	"NB_eDNA"	"NBeDNA80_100cm"	"NB3"	3	2	"40_120cm"	7	-7	-90	"80_100cm"	"80_100"	"06_80_100"	37.79533	72.94868	1120	14.1	1084	5.1	20.05	57.730829	0.091104241	7.705608491	1.444761546	-31.12226234	15.85833472	0.39257139	0.293490704	1.337593952	0.2634	0.696294175	0.8343	0.129936122	48100000	52600000	51300000	50651958.67	4.925591	15.049158	671.3	47.2	624.1	0.019543	0.006625	0.001919
"eNAC8_lib2"	"NB"	"eDNA"	110	4	1	"NB_eDNA"	"NBeDNA100_120cm"	"NB3"	3	2	"40_120cm"	8	-8	-110	"100_120cm"	"100_120"	"05_100_120"	37.79533	72.94868	1120	14.1	1084	5.19	12.55	58.902806	0.053134741	6.922266753	0.833492376	-32.09295954	15.68639193	0.243144207	0.166160533	1.46330902	0.1902	0.555431101	0.7044	0.12508137	32300000	3.8e+07	34900000	35059856.95	2.481132	2.367207	660.8	46.7	614.1	0.011552	0.004701	0.001986
"eNAC9_lib2"	"NB"	"eDNA"	130	4	1	"NB_eDNA"	"NBeDNA120_140cm"	"NB3"	3	3	"120_200cm"	9	-9	-130	"120_140cm"	"120_140"	"04_120_140"	37.79533	72.94868	1120	14.1	1084	5.15	9.2	55.602046	0.027345903	6.519590422	0.433006028	-32.39464371	15.83440204	0.142139949	0.110135266	1.290594329	0.07856	0.415347175	0.3514	0.123269232	1620000	1630000	1810000	1686924.341	1.214342	3.451913	556.1	51.9	504.2	0.005975	0.004525	0.001323
"eNAC10_lib2"	"NB"	"eDNA"	150	4	1	"NB_eDNA"	"NBeDNA140_160cm"	"NB3"	3	3	"120_200cm"	10	-10	-150	"140_160cm"	"140_160"	"03_140_160"	37.79533	72.94868	1120	14.1	1084	5.145	6.4	60.503666	0.017009722	6.164019559	0.21463734	-31.80325944	12.6185097	0.063762628	0.381995643	0.166919778	0.04373	0.284227717	0.4139	0.099126697	687000	671000	608000	655393.685	8.50507	5.83483	561.4	66.2	495.2	0.014413	0.004494	0.001043
"eNAC11_lib2"	"NB"	"eDNA"	170	4	1	"NB_eDNA"	"NBeDNA160_180cm"	"NB3"	3	3	"120_200cm"	11	-11	-170	"160_180cm"	"160_180"	"02_160_180"	37.79533	72.94868	1120	14.1	1084	5.095	8.15	64.96732	0.013971865	5.260494102	0.137753832	-31.38504985	9.859373158	0.063750516	0.470574735	0.135473734	0.04915	0.566845131	0.4393	0.16710898	83600	81000	88300	84297.01125	1.872906	-0.011856	645.1	78.3	566.8	0.023013	0.00444	0.001265
"iPA1_lib2"	"AZ"	"iDNA"	2.5	1	0	"AZ_iDNA"	"AZiDNA0_5cm"	"AZ1"	1	1	"0_40cm"	1	-1	-2.5	"0_5cm"	"0_5"	"12_0_5"	26.30285	70.457333	732	18.1	10	8.48	47.35	1.060721	0.018847838	8.642961093	0.119290451	-32.2030135	6.329131927	0.030955219	0.232705198	0.133023326	0.018346623	0.05500501	0.01846	0.034285573	16000	16600	15400	16019.59529	13.66443	13.257323	831	56.69341216	774.3065878	0.009419	0.000691	1.7e-05
"iPA2_lib2"	"AZ"	"iDNA"	7.5	1	0	"AZ_iDNA"	"AZiDNA5_10cm"	"AZ1"	1	1	"0_40cm"	2	-2	-7.5	"5_10cm"	"5_10"	"11_5_10"	26.30285	70.457333	732	18.1	10	8.115	57.1	1.133078	0.011167357	10.31536619	0.105302733	-23.7180598	9.42951215	0.073650993	0.490794711	0.150064766	0.005418839	0.06555466	0.002977	0.068395004	98700	90000	98700	95820.12895	7.24111	19.048216	967.2	48.77533784	918.4246622	0.010022	0.000683	-5.1e-05
"iPA3_lib2"	"AZ"	"iDNA"	15	1	0	"AZ_iDNA"	"AZiDNA10_20cm"	"AZ1"	1	1	"0_40cm"	3	-3	-15	"10_20cm"	"10_20"	"10_10_20"	26.30285	70.457333	732	18.1	10	8.235	55.3	1.905904	0.0030139	5.764553951	0.038006941	-29.02312507	12.61055059	0.308488384	0.626899711	0.492085701	0.057175516	0.040683068	0.01486	0.048948867	135000	144000	133000	137413.8805	11.346158	57.579257	883.4	73.05743243	810.3425676	0.008051	0.000637	5.1e-05
"iPA4_lib2"	"AZ"	"iDNA"	30	1	0	"AZ_iDNA"	"AZiDNA20_40cm"	"AZ1"	1	1	"0_40cm"	4	-4	-30	"20_40cm"	"20_40"	"09_20_40"	26.30285	70.457333	732	18.1	10	8.645	50.8	0.635045	0.003335522	6.711757548	0.045867332	-28.02070151	13.75117053	0.350354137	0.632034496	0.554327555	0.095603156	0.003075801	0.01646	0.006986312	23200	25500	23400	24035.99958	5.603318	10.753289	749.9	17.10304054	732.7969595	0.006602	0.000612	-1.7e-05
"iPA5_lib2"	"AZ"	"iDNA"	50	1	0	"AZ_iDNA"	"AZiDNA40_60cm"	"AZ1"	1	2	"40_120cm"	5	-5	-50	"40_60cm"	"40_60"	"08_40_60"	26.30285	70.457333	732	18.1	10	8.815	47.45	1.100362	0.003239959	5.26822751	0.037250471	-31.85582238	11.49720374	0.101740722	0.399909457	0.254409392	0.033644848	0.020751564	0	0.027740993	22600	23800	20700	22382.10977	4.019311	13.279853	553.5	10.76858108	542.7314189	0.005662	0.000674	-1.7e-05
"iPA6_lib2"	"AZ"	"iDNA"	70	1	0	"AZ_iDNA"	"AZiDNA60_80cm"	"AZ1"	1	2	"40_120cm"	6	-6	-70	"60_80cm"	"60_80"	"07_60_80"	26.30285	70.457333	732	18.1	10	8.5	36.3	0.82906	0.007985852	5.476512204	0.085772839	-29.85671513	10.74059992	0.442746413	0.67944622	0.651628341	0.18096277	0.050463248	0.01456	0.048761591	9230	10100	8020	9132.0452	3.205779	9.94407	621.6	11.82432432	609.7756757	0.005011	0.000613	5e-05
"iPA7_lib2"	"AZ"	"iDNA"	90	1	0	"AZ_iDNA"	"AZiDNA80_100cm"	"AZ1"	1	2	"40_120cm"	7	-7	-90	"80_100cm"	"80_100"	"06_80_100"	26.30285	70.457333	732	18.1	10	8.775	32.825	0.814209	0.005338258	3.692029182	0.062338069	-30.35063601	11.67760419	0.023219027	0.511133444	0.045426547	0.004614903	0.022173581	0	0.021465285	23300	24100	23400	23596.63071	2.804816	9.115278	548.3	0	548.3	0.0047785	0.0006215	1.65e-05
"iPA10_lib2"	"AZ"	"iDNA"	150	1	0	"AZ_iDNA"	"AZiDNA140_160cm"	"AZ1"	1	3	"120_200cm"	10	-10	-150	"140_160cm"	"140_160"	"03_140_160"	26.30285	70.457333	732	18.1	10	8.96	31.75	1.028328	0.00340048	4.948857328	0.040028025	-30.73273404	11.7712868	0.108203307	0.65045926	0.166349092	0.011534723	0.014767973	0	0.024584508	2880	2900	2210	2663.141372	4.017064	5.82612	817.9	7.07347973	810.8265203	0.0054875	0.0006415	4.15e-05
"iPB1_lib2"	"AZ"	"iDNA"	2.5	1	0	"AZ_iDNA"	"AZiDNA0_5cm"	"AZ2"	2	1	"0_40cm"	1	-1	-2.5	"0_5cm"	"0_5"	"12_0_5"	26.3044	70.458433	761	18.1	10	8.31	44.95	1.536762	0.017118606	8.116855815	0.116770201	-24.97716438	6.821244588	0.025670132	0.468570414	0.054783936	0	0.035162508	0.0088	0.004367473	310000	327000	301000	312766.1554	7.5107	73.095968	883.4	66.72297297	816.677027	0.008895	0.000609	0.000152
"iPB2_lib2"	"AZ"	"iDNA"	7.5	1	0	"AZ_iDNA"	"AZiDNA5_10cm"	"AZ2"	2	1	"0_40cm"	2	-2	-7.5	"5_10cm"	"5_10"	"11_5_10"	26.3044	70.458433	761	18.1	10	8.19	67	1.536762	0.02257657	8.224728591	0.190617368	-25.81708258	8.443150215	0.154260893	0.423007205	0.36467675	0.064359408	0.032221745	0.07227	0.008832197	307000	288000	310000	301540.5732	7.5107	73.095968	616.3	50.88682432	565.4131757	0.008895	0.000609	0.000152
"iPB3_lib2"	"AZ"	"iDNA"	15	1	0	"AZ_iDNA"	"AZiDNA10_20cm"	"AZ2"	2	1	"0_40cm"	3	-3	-15	"10_20cm"	"10_20"	"10_10_20"	26.3044	70.458433	761	18.1	10	8.275	79.9	1.837809	0.008745883	5.514057228	0.059580642	-30.90046784	6.812421444	0.105603106	0.411983228	0.256328653	0	0.020201997	0.01192	0.012799933	676000	692000	654000	673758.8809	6.689921	4.227758	749.9	36.63429054	713.2657095	0.007241	0.000687	0.000136
"iPB4_lib2"	"AZ"	"iDNA"	30	1	0	"AZ_iDNA"	"AZiDNA20_40cm"	"AZ2"	2	1	"0_40cm"	4	-4	-30	"20_40cm"	"20_40"	"09_20_40"	26.3044	70.458433	761	18.1	10	8.345	52	1.837809	0.007193017	7.27529956	0.515897491	-14.55788607	71.72198827	0.033866745	0.444301186	0.076224747	0.015324669	0.004097419	0.682309408	0.004625294	125000	111000	102000	112535.6171	6.689921	4.227758	723.7	22.90962838	700.7903716	0.007241	0.000687	0.000136
"iPB5_lib2"	"AZ"	"iDNA"	50	1	0	"AZ_iDNA"	"AZiDNA40_60cm"	"AZ2"	2	2	"40_120cm"	5	-5	-50	"40_60cm"	"40_60"	"08_40_60"	26.3044	70.458433	761	18.1	10	8.1	47.05	1.404703	0.00541846	4.517419713	0.357460412	-14.45490058	65.97084973	0.056692004	0.254583631	0.22268519	0.027938336	0.002471027	0	0	35600	33600	37000	35401.18717	6.665863	7.569082	799.6	6.545608108	793.0543919	0.006946	0.000659	0.000186
"iPB6_lib2"	"AZ"	"iDNA"	70	1	0	"AZ_iDNA"	"AZiDNA60_80cm"	"AZ2"	2	2	"40_120cm"	6	-6	-70	"60_80cm"	"60_80"	"07_60_80"	26.3044	70.458433	761	18.1	10	8.705	43.6	2.441581	0.006492988	4.651545641	0.386920533	-14.98882499	59.5905194	0.087552329	0.276141164	0.317056421	0.004686102	0.005063342	0	0.001461173	4850	4650	4900	4797.571844	8.40816	8.481168	681.8	3.378378378	678.4216216	0.008298	0.000649	0.000154
"iPB7_lib2"	"AZ"	"iDNA"	90	1	0	"AZ_iDNA"	"AZiDNA80_100cm"	"AZ2"	2	2	"40_120cm"	7	-7	-90	"80_100cm"	"80_100"	"06_80_100"	26.3044	70.458433	761	18.1	10	8.5	37.95	0.916696	0.004683885	0.359836849	0.178735196	-21.97003843	38.15960668	0.107635132	0.322131813	0.334133816	0.043990721	0.016698015	0	0	23900	23900	22400	23416.60141	4.14433	9.185048	634.7	0.73902027	633.9609797	0.016066	0.000631	0.000101
"iPB8_lib2"	"AZ"	"iDNA"	110	1	0	"AZ_iDNA"	"AZiDNA100_120cm"	"AZ2"	2	2	"40_120cm"	8	-8	-110	"100_120cm"	"100_120"	"05_100_120"	26.3044	70.458433	761	18.1	10	8.34	23.1	0.934981	0.003035862	5.121323777	0.124067125	-16.25395735	40.86718118	0	0.252487972	0	0	0.019043139	0	0.023886952	36600	35500	34700	35606.84429	4.974972	6.686339	492.6	0	492.6	0.009518	0.000597	0
"iPB9_lib2"	"AZ"	"iDNA"	130	1	0	"AZ_iDNA"	"AZiDNA120_140cm"	"AZ2"	2	3	"120_200cm"	9	-9	-130	"120_140cm"	"120_140"	"04_120_140"	26.3044	70.458433	761	18.1	10	8.09	20.95	1.299953	0.003399399	3.495532666	0.213749258	-14.70964571	62.87854805	0.028102337	0.292397165	0.096110155	0	0.02032018	0	0.02907317	4310	4330	3870	4168.446279	7.490556	4.189785	282.3	0	282.3	0.010353	0.00065	0.000152
"iPB10_lib2"	"AZ"	"iDNA"	150	1	0	"AZ_iDNA"	"AZiDNA140_160cm"	"AZ2"	2	3	"120_200cm"	10	-10	-150	"140_160cm"	"140_160"	"03_140_160"	26.3044	70.458433	761	18.1	10	8.685	19.7	1.377666	0.002453459	3.886960419	0.05909773	-16.76106135	24.08751367	0.075795176	0.347809136	0.21792175	0.035496773	0.018601845	0	0.035605081	5170	4710	5120	5001.269497	4.164042	6.370126	545.8	0	545.8	0.009803	0.000642	0.000169
"iPB11_lib2"	"AZ"	"iDNA"	170	1	0	"AZ_iDNA"	"AZiDNA160_180cm"	"AZ2"	2	3	"120_200cm"	11	-11	-170	"160_180cm"	"160_180"	"02_160_180"	26.3044	70.458433	761	18.1	10	8.415	24.8	1.729964	0.004359281	4.839935704	0.059178993	-26.93390963	13.57540251	0.027287664	0.604197812	0.04516346	0.012089749	0.033410648	0	0.051046158	4300	4110	3840	4082.412771	8.356058	7.545618	447	0	447	0.100275	0.000644	3.4e-05
"iPB12_lib2"	"AZ"	"iDNA"	190	1	0	"AZ_iDNA"	"AZiDNA180_200cm"	"AZ2"	2	3	"120_200cm"	12	-12	-190	"180_200cm"	"180_200"	"01_180_200"	26.3044	70.458433	761	18.1	10	8.54	21.95	1.328026	0.004103398	3.985676977	0.091361652	-29.74497735	22.26487572	0.160416263	0.722956296	0.221889295	0.08416	0.001398144	0	0.00443953	3230	3480	3080	3259.759538	5.581914	5.839069	548.3	7.07347973	541.2265203	0.006647	0.00065	-6.8e-05
"iPC1_lib2"	"AZ"	"iDNA"	2.5	1	0	"AZ_iDNA"	"AZiDNA0_5cm"	"AZ3"	3	1	"0_40cm"	1	-1	-2.5	"0_5cm"	"0_5"	"12_0_5"	26.301967	70.455867	726	18.1	10	8.935	56.7	0.822264	0.013319911	9.843380199	0.058722021	-30.02252872	4.40858946	0.354786411	0.83340515	0.425707006	0.114325653	0.023300848	0.02255	0.011978802	9660	9310	6140	8370.06138	17.584619	25.683411	515.4	58.27702703	457.122973	0.005848	0.000462	5e-05
"iPC2_lib2"	"AZ"	"iDNA"	7.5	1	0	"AZ_iDNA"	"AZiDNA5_10cm"	"AZ3"	3	1	"0_40cm"	2	-2	-7.5	"5_10cm"	"5_10"	"11_5_10"	26.301967	70.455867	726	18.1	10	8.565	66.75	1.165061	0.019113218	9.89081015	0.091388594	-30.39459324	4.781434294	0.08004721	0.795834974	0.100582674	0.005661949	0.019067413	0.02643	0.005454333	NA	NA	NA	NA	22.286647	49.034789	469.8	48.24746622	421.5525338	0.00431	0.000464	6.7e-05
"iPC3_lib2"	"AZ"	"iDNA"	15	1	0	"AZ_iDNA"	"AZiDNA10_20cm"	"AZ3"	3	1	"0_40cm"	3	-3	-15	"10_20cm"	"10_20"	"10_10_20"	26.301967	70.455867	726	18.1	10	8.28	69.95	1.724659	0.007912465	4.908936612	0.055376751	-29.2154806	6.998672727	0.547583634	0.968211791	0.565561831	0.208871013	0.036284926	0.05531	0.015146002	NA	NA	NA	NA	9.344834	31.7932	511.6	32.41131757	479.1886824	0.003977	0.000415	3.4e-05
"iPC7_lib2"	"AZ"	"iDNA"	90	1	0	"AZ_iDNA"	"AZiDNA80_100cm"	"AZ3"	3	2	"40_120cm"	7	-7	-90	"80_100cm"	"80_100"	"06_80_100"	26.301967	70.455867	726	18.1	10	8.68	39.65	1.870228	0.004539197	2.279667338	0.081139331	-31.07741685	17.87525979	0.180841896	0.871234382	0.207569742	0.057592254	0.004618259	0	0.000418391	1230	1300	1140	1222.713731	4.677196	2.518917	592.8	7.07347973	585.7265203	0.000764	0.000433	0.000119
"iPC8_lib2"	"AZ"	"iDNA"	110	1	0	"AZ_iDNA"	"AZiDNA100_120cm"	"AZ3"	3	2	"40_120cm"	8	-8	-110	"100_120cm"	"100_120"	"05_100_120"	26.301967	70.455867	726	18.1	10	9.015	41.05	2.716469	0.005887632	4.012749165	0.155640964	-29.4814215	26.43523834	0.065416735	0.737733455	0.088672588	0.067716125	0.032383237	0	0.031460653	1200	1050	917	1055.183121	1.884684	1.689042	1009.1	6.545608108	1002.554392	0.000904	0.000394	6.8e-05
"iPC9_lib2"	"AZ"	"iDNA"	130	1	0	"AZ_iDNA"	"AZiDNA120_140cm"	"AZ3"	3	3	"120_200cm"	9	-9	-130	"120_140cm"	"120_140"	"04_120_140"	26.301967	70.455867	726	18.1	10	8.915	35.65	1.23128	0.003120102	-0.366498353	0.084966714	-31.13525887	27.23203073	0.079789787	0.757875848	0.105280815	0.129477489	0.023626303	0	0.045971809	753	921	747	807.269846	2.323141	4.99871	515.4	0.211148649	515.1888514	0.000972	0.000439	-6.7e-05
"iPC10_lib2"	"AZ"	"iDNA"	150	1	0	"AZ_iDNA"	"AZiDNA140_160cm"	"AZ3"	3	3	"120_200cm"	10	-10	-150	"140_160cm"	"140_160"	"03_140_160"	26.301967	70.455867	726	18.1	10	8.7625	34.7	1.287909	0.003015071	2.117137517	0.038632437	-29.07512426	12.8131085	0.137367711	0.716750099	0.191653564	0	0.017165342	0	0.030298105	342	404	367	371.12331	2.788775	9.185844	452	0.211148649	451.7888514	0.000709	0.000456	6.8e-05
"iPC11_lib2"	"AZ"	"iDNA"	170	1	0	"AZ_iDNA"	"AZiDNA160_180cm"	"AZ3"	3	3	"120_200cm"	11	-11	-170	"160_180cm"	"160_180"	"02_160_180"	26.301967	70.455867	726	18.1	10	8.61	28.7	1.047433	0.002383984	-2.078342704	0.080990642	-31.53207413	33.97280805	0.077431311	0.539335532	0.143567977	0.032871035	0.021489855	0	0.030395361	422	404	474	433.405653	0.92765	7.501752	786.5	7.07347973	779.4265203	0.000808	0.000413	0.000152
"iPC12_lib2"	"AZ"	"iDNA"	190	1	0	"AZ_iDNA"	"AZiDNA180_200cm"	"AZ3"	3	3	"120_200cm"	12	-12	-190	"180_200cm"	"180_200"	"01_180_200"	26.301967	70.455867	726	18.1	10	8.32	25.1	0.80769	0.002077242	1.638071656	0.051770436	-30.67913473	24.92268134	0.097015299	0.689381746	0.140727977	0.038067839	0.006613213	0	0	447	422	401	423.442358	1.85149	8.306519	799.6	6.545608108	793.0543919	0.000796	0.000386	-1.7e-05
"iSA1_lib2"	"SG"	"iDNA"	2.5	2	0	"SG_iDNA"	"SGiDNA0_5cm"	"SG1"	1	1	"0_40cm"	1	-1	-2.5	"0_5cm"	"0_5"	"12_0_5"	29.759769	71.159439	615	16.1	89	7.52	106.866667	0.783845	0.008553943	3.551029169	0.093063927	-30.99195055	10.87965234	0.223951798	0.311077079	0.719923819	0.0699	0.033842811	0.08515	0.063329625	172000	161000	162000	165115.7111	10.961966	6.605393	49.4	9.712837838	39.68716216	0.005473	0.001394	0.000823
"iSA2_lib2"	"SG"	"iDNA"	7.5	2	0	"SG_iDNA"	"SGiDNA5_10cm"	"SG1"	1	1	"0_40cm"	2	-2	-7.5	"5_10cm"	"5_10"	"11_5_10"	29.759769	71.159439	615	16.1	89	8.043333	34.666667	1.775326	0.008048446	7.991127258	0.057053782	-25.12922689	7.088794743	0.238167454	0.55934144	0.425799765	0.3028	0.124191542	0.3083	0.177105904	155000	160000	165000	160227.4416	7.008802	10.881314	286.4	5.489864865	280.9101351	0.006137	0.00117	0.000746
"iSA3_lib2"	"SG"	"iDNA"	15	2	0	"SG_iDNA"	"SGiDNA10_20cm"	"SG1"	1	1	"0_40cm"	3	-3	-15	"10_20cm"	"10_20"	"10_10_20"	29.759769	71.159439	615	16.1	89	8.263333	48.033333	1.914327	0.009493932	7.313990262	0.070862277	-26.87724721	7.463954904	0.185187491	0.47817618	0.387278788	0.2803	0.109917727	0.2674	0.148277292	113000	104000	106000	107652.7847	9.347297	1.561515	582.3	4.961993243	577.3380068	0.007644	0.001299	0.00073
"iSA4_lib2"	"SG"	"iDNA"	30	2	0	"SG_iDNA"	"SGiDNA20_40cm"	"SG1"	1	1	"0_40cm"	4	-4	-30	"20_40cm"	"20_40"	"09_20_40"	29.759769	71.159439	615	16.1	89	8.656667	49.933333	1.21557	0.003528385	10.47427853	0.030440266	-28.35038754	8.62725249	0.22474832	0.597604438	0.37608208	0.289	0.100023533	0.2354	0.151598063	8980	8650	9080	8900.28512	8.705651	13.156861	592.8	4.434121622	588.3658784	0.011437	0.001274	0.00054
"iSA5_lib2"	"SG"	"iDNA"	50	2	0	"SG_iDNA"	"SGiDNA40_60cm"	"SG1"	1	2	"40_120cm"	5	-5	-50	"40_60cm"	"40_60"	"08_40_60"	29.759769	71.159439	615	16.1	89	8.68	36.533333	1.151354	0.005125364	10.95310046	0.04345215	-27.96740701	8.477865516	0.221797738	0.642163001	0.34539165	0.3427	0.125708196	0.3057	0.160080509	32900	40700	34700	36098.78219	13.88346	9.108054	927.9	3.90625	923.99375	0.014758	0.001458	0.000641
"iSA6_lib2"	"SG"	"iDNA"	70	2	0	"SG_iDNA"	"SGiDNA60_80cm"	"SG1"	1	2	"40_120cm"	6	-6	-70	"60_80cm"	"60_80"	"07_60_80"	29.759769	71.159439	615	16.1	89	8.49	42.8	1.909131	0.008212063	8.342632706	0.064046317	-27.11973571	7.799053669	0.191450371	0.581276641	0.329361887	0.3567	0.1173219	0.3285	0.170974751	22000	18600	19400	19991.74281	13.992703	6.843181	1058.8	4.961993243	1053.838007	0.016193	0.001367	0.000476
"iSA7_lib2"	"SG"	"iDNA"	90	2	0	"SG_iDNA"	"SGiDNA80_100cm"	"SG1"	1	2	"40_120cm"	7	-7	-90	"80_100cm"	"80_100"	"06_80_100"	29.759769	71.159439	615	16.1	89	9.08	45.266667	1.623616	0.014822488	8.856705539	0.128306033	-26.88303231	8.65617375	0.160182602	0.516058436	0.310396247	0.2723	0.10935697	0.3006	0.126735992	284000	288000	283000	284828.0305	5.260017	14.932726	888.6	10.24070946	878.3592905	0.018363	0.001431	0.000491
"iSA8_lib2"	"SG"	"iDNA"	110	2	0	"SG_iDNA"	"SGiDNA100_120cm"	"SG1"	1	2	"40_120cm"	8	-8	-110	"100_120cm"	"100_120"	"05_100_120"	29.759769	71.159439	615	16.1	89	9.2	64.266667	2.096812	0.016002489	8.942846453	0.154100897	-26.83441294	9.629808221	0.097665504	0.487031246	0.200532316	0.2259	0.112913644	0.2915	0.093252735	113000	120000	96800	110189.8809	3.538897	12.070858	666.1	11.2964527	654.8035473	0.019919	0.001422	0.000425
"iSA9_lib2"	"SG"	"iDNA"	130	2	0	"SG_iDNA"	"SGiDNA120_140cm"	"SG1"	1	3	"120_200cm"	9	-9	-130	"120_140cm"	"120_140"	"04_120_140"	29.759769	71.159439	615	16.1	89	9.046667	108.466667	2.252403	0.055122577	9.164058796	0.664894789	-27.43104211	12.06211368	0.058133391	0.602526268	0.09648275	0.1605	0.103221055	0.2321	0.024045043	156000	150000	161000	155596.6008	4.710061	9.163688	773.4	40.32939189	733.0706081	0.022823	0.001406	0.000409
"iSA10_lib2"	"SG"	"iDNA"	150	2	0	"SG_iDNA"	"SGiDNA140_160cm"	"SG1"	1	3	"120_200cm"	10	-10	-150	"140_160cm"	"140_160"	"03_140_160"	29.759769	71.159439	615	16.1	89	9.356667	116.9	1.950872	0.063105575	10.02917193	0.589451331	-26.42728512	9.340717272	0.108702444	0.494543864	0.219803442	0.09218	0.087307632	0.2009	0.075785046	65000	69300	62700	65670.57974	7.024146	3.303944	423.8	58.27702703	365.522973	0.023021	0.00141	0.000425
"iSA11_lib2"	"SG"	"iDNA"	170	2	0	"SG_iDNA"	"SGiDNA160_180cm"	"SG1"	1	3	"120_200cm"	11	-11	-170	"160_180cm"	"160_180"	"02_160_180"	29.759769	71.159439	615	16.1	89	8.646667	143.933333	1.66916	0.109892868	11.23872417	1.158065559	-24.58680041	10.53813205	0.088647671	0.490767497	0.180630689	0.07404	0.07719578	0.1498	0.064035931	50900	41800	36500	43033.97149	3.523418	7.35528	519.5	71.43751722	448.0624828	0.022835	0.001296	0.000271
"iSA12_lib2"	"SG"	"iDNA"	190	2	0	"SG_iDNA"	"SGiDNA180_200cm"	"SG1"	1	3	"120_200cm"	12	-12	-190	"180_200cm"	"180_200"	"01_180_200"	29.759769	71.159439	615	16.1	89	8.883333	185.966667	1.381997	0.121686139	11.99980276	1.327429556	-26.0496809	10.90863401	0.15407686	0.506947392	0.30393067	0	0.085576445	0.02643	0.085164661	81800	78800	88800	83137.97115	5.827884	14.324674	386	53.08681914	332.9131809	0.022527	0.00136	0.000439
"SB1_lib3"	"SG"	"iDNA"	2.5	2	0	"SG_iDNA"	"SGiDNA0_5cm"	"SG2"	2	1	"0_40cm"	1	-1	-2.5	"0_5cm"	"0_5"	"12_0_5"	29.759037	71.160226	618	16.1	89	8.34	48.233333	1.578646	0.001369701	13.87548558	0.013760855	-31.52721755	10.04661073	0.219560274	0.547460648	0.401052157	0.099127737	0.117136214	0.06352	0.127063445	6110000	5350000	5590000	5682206.715	3.522118	7.352506	387	0.211148649	386.7888514	0.022459	0.001168	0.000356
"SB2_lib3"	"SG"	"iDNA"	7.5	2	0	"SG_iDNA"	"SGiDNA5_10cm"	"SG2"	2	1	"0_40cm"	2	-2	-7.5	"5_10cm"	"5_10"	"11_5_10"	29.759037	71.160226	618	16.1	89	8.24	43	1.55992	0.001605881	7.669653686	0.011759072	-30.26713323	7.322503725	0.256355914	0.552166377	0.464272953	0.2667	0.100386528	0.1981	0.042228636	4820000	4740000	4210000	4588895.574	3.520389	9.095662	613.7	0	613.7	0.021307	0.001312	0.000254
"SB3_lib3"	"SG"	"iDNA"	15	2	0	"SG_iDNA"	"SGiDNA10_20cm"	"SG2"	2	1	"0_40cm"	3	-3	-15	"10_20cm"	"10_20"	"10_10_20"	29.759037	71.160226	618	16.1	89	7.726667	49.266667	1.837403	0.002156205	7.306213474	0.021097064	-29.60933057	9.784347451	0.32335894	0.604927804	0.534541374	0.2939	0.11889219	0.2051	0.073334823	1610000	1570000	1680000	1621414.384	1.786524	14.945109	440.9	0	440.9	0.017771	0.001383	0.000238
"SB4_lib3"	"SG"	"iDNA"	30	2	0	"SG_iDNA"	"SGiDNA20_40cm"	"SG2"	2	1	"0_40cm"	4	-4	-30	"20_40cm"	"20_40"	"09_20_40"	29.759037	71.160226	618	16.1	89	7.213333	51.766667	2.440667	0.004848267	6.575525515	0.043613835	-28.22840115	8.995757851	0.173612458	0.569500744	0.304850274	0.105913329	0.114079598	0.08959	0.117708293	629000	678000	657000	654530.7079	6.471664	12.12788	852	0.73902027	851.2609797	0.012508	0.001383	0.000393
"SB5_lib3"	"SG"	"iDNA"	50	2	0	"SG_iDNA"	"SGiDNA40_60cm"	"SG2"	2	2	"40_120cm"	5	-5	-50	"40_60cm"	"40_60"	"08_40_60"	29.759037	71.160226	618	16.1	89	7.083333	40.4	2.573155	0.00603084	4.151187682	0.058419036	-28.31833637	9.686716029	0.157181992	0.471412055	0.333428028	0.109	0.037059369	0.0956	0.07112849	213000	167000	186000	188655.4956	5.893692	5.080634	459.2	3.378378378	455.8216216	0.008832	0.001197	0.000308
"SB6_lib3"	"SG"	"iDNA"	70	2	0	"SG_iDNA"	"SGiDNA60_80cm"	"SG2"	2	2	"40_120cm"	6	-6	-70	"60_80cm"	"60_80"	"07_60_80"	29.759037	71.160226	618	16.1	89	6.746667	34.766667	2.070248	0.206529568	6.636924336	0.221505647	-24.93393208	1.072513006	0.207465433	0.442593597	0.468749287	0.228	0.080877547	0.1577	0.045401492	120000	129000	129000	126071.0847	8.772134	5.653831	637.3	5.489864865	631.8101351	0.009094	0.001318	0.000272
"SB7_lib3"	"SG"	"iDNA"	90	2	0	"SG_iDNA"	"SGiDNA80_100cm"	"SG2"	2	2	"40_120cm"	7	-7	-90	"80_100cm"	"80_100"	"06_80_100"	29.759037	71.160226	618	16.1	89	7.166667	46.066667	1.648445	0.004758168	11.59172875	0.031299246	-26.96722503	6.578002872	0.263819986	0.385000654	0.685245555	0.2258	0.093810206	0.1447	0.051042275	101000	116000	102000	106295.5778	6.997438	8.533339	663.5	3.378378378	660.1216216	0.010053	0.001372	0.000254
"SB8_lib3"	"SG"	"iDNA"	110	2	0	"SG_iDNA"	"SGiDNA100_120cm"	"SG2"	2	2	"40_120cm"	8	-8	-110	"100_120cm"	"100_120"	"05_100_120"	29.759037	71.160226	618	16.1	89	7.216667	27.7	2.06362	0.010537656	7.57344129	0.085479516	-28.21584537	8.111815255	0.196051277	0.464070627	0.42246	0.055162952	0.072606337	0.03444	0.017083201	84100	68500	65900	72812.03102	8.774831	5.655581	700.1	7.07347973	693.0265203	0.011043	0.001352	0.000306
"SB9_lib3"	"SG"	"iDNA"	130	2	0	"SG_iDNA"	"SGiDNA120_140cm"	"SG2"	2	3	"120_200cm"	9	-9	-130	"120_140cm"	"120_140"	"04_120_140"	29.759037	71.160226	618	16.1	89	6.94	37	2.20952	0.022457027	8.235314897	0.201527614	-25.36243518	8.973922303	0.182218346	0.409692078	0.444769024	0.2139	0.069532012	0.1658	0.034691467	46500	36700	44100	42406.01094	7.619226	12.097786	941	6.017736486	934.9822635	0.011744	0.001158	0.000324
"SB10_lib3"	"SG"	"iDNA"	150	2	0	"SG_iDNA"	"SGiDNA140_160cm"	"SG2"	2	3	"120_200cm"	10	-10	-150	"140_160cm"	"140_160"	"03_140_160"	29.759037	71.160226	618	16.1	89	7.703333	41.633333	1.392309	0.033799705	8.359119679	0.268686076	-26.18780978	7.949361598	0.209989796	0.501751044	0.418513919	0.1284	0.070299866	0.1114	0.019275864	8780	7910	8570	8421.518095	5.824695	7.344743	930.5	12.35219595	918.1478041	0.012948	0.001234	0.000152
"SB11_lib3"	"SG"	"iDNA"	170	2	0	"SG_iDNA"	"SGiDNA160_180cm"	"SG2"	2	3	"120_200cm"	11	-11	-170	"160_180cm"	"160_180"	"02_160_180"	29.759037	71.160226	618	16.1	89	7.703333	42.8	1.36392	0.027605048	8.673637884	0.207860335	-26.09216702	7.529794345	0.233642672	0.551308677	0.423796472	0.1944	0.106393289	0.1759	0.029755561	210000	208000	231000	216437.6202	9.294664	5.62143	713.2	17.10304054	696.0969595	0.014333	0.001259	0.000203
"SB12_lib3"	"SG"	"iDNA"	190	2	0	"SG_iDNA"	"SGiDNA180_200cm"	"SG2"	2	3	"120_200cm"	12	-12	-190	"180_200cm"	"180_200"	"01_180_200"	29.759037	71.160226	618	16.1	89	7.57	83.6	0.991301	0.082545918	8.35179281	0.66153775	-27.29229737	8.014178828	0.362278404	0.533168386	0.679482155	0.018458747	0.048178202	0.02177	0.004797004	74700	76900	77100	76217.87775	9.83568	10.812791	865.1	21.85388514	843.2461149	0.015139	0.001254	0.000387
"SC1_lib3"	"SG"	"iDNA"	2.5	2	0	"SG_iDNA"	"SGiDNA0_5cm"	"SG3"	3	1	"0_40cm"	1	-1	-2.5	"0_5cm"	"0_5"	"12_0_5"	29.759465	71.161234	630	16.1	89	8.893333	21.416667	1.534912	0.002257953	7.908239868	0.019667724	-32.08228482	8.71042348	0.299087894	0.615777072	0.485708071	0.2781	0.120112083	0.1484	0.083918419	16400000	16700000	18100000	17064060.52	6.991841	8.52846	870.3	0.73902027	869.5609797	0.016459	0.001227	0.000203
"SC2_lib3"	"SG"	"iDNA"	7.5	2	0	"SG_iDNA"	"SGiDNA5_10cm"	"SG3"	3	1	"0_40cm"	2	-2	-7.5	"5_10cm"	"5_10"	"11_5_10"	29.759465	71.161234	630	16.1	89	8.553333	32.15	1.587997	0.002373922	7.027356829	0.019029562	-31.5883637	8.016086609	0.363385291	0.601097286	0.604536568	0.353	0.183669941	0.2197	0.132856121	620000	689000	579000	629319.7608	4.678373	13.173035	1134.7	0	1134.7	0.014903	0.001261	0.000339
"SC3_lib3"	"SG"	"iDNA"	15	2	0	"SG_iDNA"	"SGiDNA10_20cm"	"SG3"	3	1	"0_40cm"	3	-3	-15	"10_20cm"	"10_20"	"10_10_20"	29.759465	71.161234	630	16.1	89	7.693333	61.833333	2.615353	0.006919959	6.030690039	0.050235875	-27.97164011	7.259562283	0.326291807	0.690702281	0.472405863	0.3422	0.043485831	0.2007	0.02756089	547000	635000	416000	532493.4542	9.996026	6.282024	776	0	776	0.013822	0.001334	8.6e-05
"SC4_lib3"	"SG"	"iDNA"	30	2	0	"SG_iDNA"	"SGiDNA20_40cm"	"SG3"	3	1	"0_40cm"	4	-4	-30	"20_40cm"	"20_40"	"09_20_40"	29.759465	71.161234	630	16.1	89	7.51	95.666667	2.799034	0.009758711	7.8245132	0.068705182	-26.77878308	7.040395397	0.332460755	0.723261894	0.459668562	0.3696	0	0.2366	0.007141669	493000	517000	438000	482511.0567	8.252484	13.939721	789.1	0	789.1	0.013189	0.001328	0.00024
"SC5_lib3"	"SG"	"iDNA"	50	2	0	"SG_iDNA"	"SGiDNA40_60cm"	"SG3"	3	2	"40_120cm"	5	-5	-50	"40_60cm"	"40_60"	"08_40_60"	29.759465	71.161234	630	16.1	89	8.116667	89.433333	2.992301	0.0138359	7.064458624	0.096665035	-26.75239364	6.986537673	0.252571978	0.601621114	0.419819005	0.2212	0.101896791	0.1327	0.063247972	292000	301000	265000	286000	8.270877	8.068953	692.3	0	692.3	0.011793	0.00133	0.00024
"SC6_lib3"	"SG"	"iDNA"	70	2	0	"SG_iDNA"	"SGiDNA60_80cm"	"SG3"	3	2	"40_120cm"	6	-6	-70	"60_80cm"	"60_80"	"07_60_80"	29.759465	71.161234	630	16.1	89	8.34	83.733333	2.290616	0.008871572	9.047425152	0.064663203	-26.2215907	7.28880987	0.290142307	0.68153374	0.425719653	0.2305	0.078334165	0.1345	0.059572601	90400	84000	92600	88998.25255	6.465035	8.00573	865.1	1.266891892	863.8331081	0.013165	0.001279	0.000273
"SC7_lib3"	"SG"	"iDNA"	90	2	0	"SG_iDNA"	"SGiDNA80_100cm"	"SG3"	3	2	"40_120cm"	7	-7	-90	"80_100cm"	"80_100"	"06_80_100"	29.759465	71.161234	630	16.1	89	8.763333	50.866667	1.641504	0.012579865	8.431445668	0.089011779	-25.77337823	7.075734197	0.271687522	0.53958091	0.503515816	0.212	0.122959255	0.1621	0.080117416	65200	61500	53900	60184.95594	5.262393	6.198067	689.6	4.434121622	685.1658784	0.014352	0.001211	0.00022
"SC8_lib3"	"SG"	"iDNA"	110	2	0	"SG_iDNA"	"SGiDNA100_120cm"	"SG3"	3	2	"40_120cm"	8	-8	-110	"100_120cm"	"100_120"	"05_100_120"	29.759465	71.161234	630	16.1	89	8.986667	50.1	1.787642	0.016543351	9.114179339	0.142294392	-25.53907723	8.60130387	0.191380757	0.616012093	0.310676948	0.212	0.09298621	0.19	0.043315311	95300	94500	83000	90931.81551	7.011126	1.547178	728.9	10.76858108	718.1314189	0.01596	0.001408	0.000288
"SC9_lib3"	"SG"	"iDNA"	130	2	0	"SG_iDNA"	"SGiDNA120_140cm"	"SG3"	3	3	"120_200cm"	9	-9	-130	"120_140cm"	"120_140"	"04_120_140"	29.759465	71.161234	630	16.1	89	9	56.333333	0.865046	0.025981324	10.18996589	0.18796869	-27.53072557	7.234761821	0.337534252	0.418275775	0.806965815	0.1028	0.002886335	0.1098	0.004379993	68000	66800	56300	63690.70522	4.071966	5.56793	302.1	13.93581081	288.1641892	0.016602	0.001336	0.000118
"SC10_lib3"	"SG"	"iDNA"	150	2	0	"SG_iDNA"	"SGiDNA140_160cm"	"SG3"	3	3	"120_200cm"	10	-10	-150	"140_160cm"	"140_160"	"03_140_160"	29.759465	71.161234	630	16.1	89	8.783333	32.1	1.367286	0.029131458	9.511546137	0.261589732	-26.86199827	8.979630517	0.158679099	0.415644199	0.381766665	0.1302	0.06905988	0.1245	0.025077221	43700	41200	40400	41773.53374	7.562267	1.543539	757.7	17.10304054	740.5969595	0.01628	0.001242	0.000372
"SC11_lib3"	"SG"	"iDNA"	170	2	0	"SG_iDNA"	"SGiDNA160_180cm"	"SG3"	3	3	"120_200cm"	11	-11	-170	"160_180cm"	"160_180"	"02_160_180"	29.759465	71.161234	630	16.1	89	8.533333	37.3	0.870684	0.042717887	10.04304581	0.305311453	-29.34150103	7.14715726	0.111639602	0.34758538	0.321186127	0.06518	0.023481016	0.09144	0.004418122	14500	16100	13300	14621.02856	4.07039	10.768388	671.3	25.02111486	646.2788851	0.016341	0.001286	0.000219
"SC12_lib3"	"SG"	"iDNA"	190	2	0	"SG_iDNA"	"SGiDNA180_200cm"	"SG3"	3	3	"120_200cm"	12	-12	-190	"180_200cm"	"180_200"	"01_180_200"	29.759465	71.161234	630	16.1	89	7.8	88.4	0.875946	0.06133114	10.51288376	0.437548302	-28.78274791	7.134194794	0.03704	0.375003931	0.098772298	0.06518	0.031803027	0.01439	0.002427938	9520	8720	9650	9298.13438	9.249957	4.435609	467.2	63.55574324	403.6442568	0.015162	0.00132	0.00079
"LA1_lib3"	"LC"	"iDNA"	2.5	3	0	"LC_iDNA"	"LCiDNA0_5cm"	"LC1"	1	1	"0_40cm"	1	-1	-2.5	"0_5cm"	"0_5"	"12_0_5"	33.028375	71.04371	894	14.9	436	5.865	352.5	3.739641	0.627082067	2.556160555	8.683816675	-28.09919012	13.84797483	0.109789186	0.408642398	0.268668123	0.042340065	0.084124064	0.04516	0.039266635	1640000	1500000	1480000	1537605.938	14.030563	64.413273	982.9	29.2	953.7	0.0244	0.01072	0.018345
"LA3_lib3"	"LC"	"iDNA"	15	3	0	"LC_iDNA"	"LCiDNA10_20cm"	"LC1"	1	1	"0_40cm"	3	-3	-15	"10_20cm"	"10_20"	"10_10_20"	33.028375	71.04371	894	14.9	436	6.39	43.3	2.258482	0.056742893	4.615547359	0.613814256	-32.66558085	10.81746498	0.080355368	0.354905396	0.226413487	0.037204784	0.098219584	0.06416	0.048310487	187000	213000	156000	185320.9313	0	12.722926	870.3	18.7	851.6	0.023243	0.008649	0.009987
"LA4_lib3"	"LC"	"iDNA"	30	3	0	"LC_iDNA"	"LCiDNA20_40cm"	"LC1"	1	1	"0_40cm"	4	-4	-30	"20_40cm"	"20_40"	"09_20_40"	33.028375	71.04371	894	14.9	436	6.425	42.7	1.639566	0.038253501	6.222530764	0.363130415	-31.21889731	9.492736663	0.073192697	0.377711375	0.193779435	0.00788848	0.098187257	0.08753	0.041444937	78300	79700	74700	77572.17377	1.212523	14.8702	865.1	4.4	860.7	0.022971	0.008538	0.006302
"LA5_lib3"	"LC"	"iDNA"	50	3	0	"LC_iDNA"	"LCiDNA40_60cm"	"LC1"	1	2	"40_120cm"	5	-5	-50	"40_60cm"	"40_60"	"08_40_60"	33.028375	71.04371	894	14.9	436	6.345	34.85	1.608978	0.021394198	6.72730328	0.233358706	-31.28884793	10.90756985	0.066926911	0.347057245	0.192841129	0	0.103907167	0.1221	0.044830263	53600	52800	53800	53413.14203	0.808568	11.899197	642.5	4.4	638.1	0.022781	0.003124	0.004149
"LA6_lib3"	"LC"	"iDNA"	70	3	0	"LC_iDNA"	"LCiDNA60_80cm"	"LC1"	1	2	"40_120cm"	6	-6	-70	"60_80cm"	"60_80"	"07_60_80"	33.028375	71.04371	894	14.9	436	6.285	31.35	1.172215	0.01740277	7.323300891	0.183214661	-33.92069847	10.52790233	0.110523918	0.359347232	0.307568581	0.054841836	0.196017555	0.1509	0.174902735	20000	19300	20000	19730.5134	1.608802	2.974745	925.3	4.4	920.9	0.021762	0.003094	0.002833
"LA8_lib3"	"LC"	"iDNA"	110	3	0	"LC_iDNA"	"LCiDNA100_120cm"	"LC1"	1	2	"40_120cm"	8	-8	-110	"100_120cm"	"100_120"	"05_100_120"	33.028375	71.04371	894	14.9	436	6.285	24.85	2.679089	0.003637502	4.715966113	0.091735508	-33.49546707	25.21936703	0.059695874	0.263381077	0.226652098	0.001441693	0.084000309	0.05803	0.056222279	19200	19200	14500	17635.34075	2.4505	2.264436	755.1	3.4	751.7	0.017312	0.003414	0.001797
"LA9_lib3"	"LC"	"iDNA"	130	3	0	"LC_iDNA"	"LCiDNA120_140cm"	"LC1"	1	3	"120_200cm"	9	-9	-130	"120_140cm"	"120_140"	"04_120_140"	33.028375	71.04371	894	14.9	436	6.44	25	1.200161	0.007639293	6.848530631	0.084616575	-35.33999471	11.07649309	0.029792505	0.296751158	0.10039558	0	0.028295169	0.00823	0.035186396	12400	10800	10600	11252.50545	0.805396	3.715682	377.9	1.8	376.1	0.013075	0.003222	0.001805
"LA10_lib3"	"LC"	"iDNA"	150	3	0	"LC_iDNA"	"LCiDNA140_160cm"	"LC1"	1	3	"120_200cm"	10	-10	-150	"140_160cm"	"140_160"	"03_140_160"	33.028375	71.04371	894	14.9	436	6.61	21.7	0.320449	0.001995434	3.573361599	0.032993528	-36.96231096	16.53451272	0.075280023	0.275845538	0.272906438	0.012288971	0.054071094	0.0326	0.05683392	3150	3270	2890	3104.381574	1.5973	5.885708	332.1	0	332.1	0.016974	0.003168	0.001739
"LB1_lib3"	"LC"	"iDNA"	2.5	3	0	"LC_iDNA"	"LCiDNA0_5cm"	"LC2"	2	1	"0_40cm"	1	-1	-2.5	"0_5cm"	"0_5"	"12_0_5"	33.028585	71.041269	928	14.9	436	6.07	239	5.781201	0.180306982	2.077191973	7.488648126	-31.2046026	41.53276851	0.171847376	0.680155852	0.252658821	0.063858617	0.08950662	0.08297	0.063730738	10600000	9770000	7600000	9337848.232	8.211898	24.261998	878.2	49.3	828.9	0.03148	0.011319	0.018917
"LB2_lib3"	"LC"	"iDNA"	7.5	3	0	"LC_iDNA"	"LCiDNA5_10cm"	"LC2"	2	1	"0_40cm"	2	-2	-7.5	"5_10cm"	"5_10"	"11_5_10"	33.028585	71.041269	928	14.9	436	6.28	60.9	1.575868	0.063615315	4.145697577	0.717085265	-29.96362173	11.27221115	0.218146385	0.692134023	0.315179399	0.07948192	0.098253788	0.07311	0.065115908	1810000	1720000	1850000	1793476.553	5.514876	3.767925	530.6	10.8	519.8	0.028756	0.008092	0.011681
"LB3_lib3"	"LC"	"iDNA"	15	3	0	"LC_iDNA"	"LCiDNA10_20cm"	"LC2"	2	1	"0_40cm"	3	-3	-15	"10_20cm"	"10_20"	"10_10_20"	33.028585	71.041269	928	14.9	436	6.42	47.5	2.441017	0.062683431	4.10719592	0.671168782	-30.11901398	10.70727584	0.286844879	0.667517765	0.429718719	0.119007117	0.138783634	0.1707	0.089545431	1180000	1120000	1260000	1190000	9.538267	3.790946	933.1	11.8	921.3	0.026604	0.003329	0.007068
"LB4_lib3"	"LC"	"iDNA"	30	3	0	"LC_iDNA"	"LCiDNA20_40cm"	"LC2"	2	1	"0_40cm"	4	-4	-30	"20_40cm"	"20_40"	"09_20_40"	33.028585	71.041269	928	14.9	436	6.705	43	0.689447	0.051230549	5.883111931	0.493699078	-29.22282802	9.636810183	0.173950377	0.852990561	0.203930014	0.086041737	0.116728126	0.1619	0.078022741	557000	519000	676000	584049.3003	3.124838	10.447849	815.3	7.1	808.2	0.027045	0.003264	0.003709
"LB5_lib3"	"LC"	"iDNA"	50	3	0	"LC_iDNA"	"LCiDNA40_60cm"	"LC2"	2	2	"40_120cm"	5	-5	-50	"40_60cm"	"40_60"	"08_40_60"	33.028585	71.041269	928	14.9	436	6.51	48.2	2.491394	0.033382238	6.744974081	0.281547423	-30.69765225	8.43404865	0.190134766	0.703425599	0.270298333	0.118892722	0.223174421	0.1768	0.189381675	NA	NA	NA	NA	4.770055	9.869541	977.7	12.9	964.8	0.029415	0.003109	0.002887
"LB6_lib3"	"LC"	"iDNA"	70	3	0	"LC_iDNA"	"LCiDNA60_80cm"	"LC2"	2	2	"40_120cm"	6	-6	-70	"60_80cm"	"60_80"	"07_60_80"	33.028585	71.041269	928	14.9	436	6.365	59.75	1.628213	0.021834575	6.720111475	0.189636522	-31.17808434	8.685148427	0.125552529	0.698077523	0.179854708	0.092091358	0.155825883	0.1496	0.111757245	NA	NA	NA	NA	8.671104	3.777288	946.2	10.2	936	0.027521	0.00304	0.002151
"LB7_lib3"	"LC"	"iDNA"	90	3	0	"LC_iDNA"	"LCiDNA80_100cm"	"LC2"	2	2	"40_120cm"	7	-7	-90	"80_100cm"	"80_100"	"06_80_100"	33.028585	71.041269	928	14.9	436	6.36	37.85	2.607923	0.01599848	5.996939246	0.138890249	-31.33973729	8.68146518	0.097633849	0.584973303	0.166903086	0.037121847	0.116947307	0.09126	0.094593123	NA	NA	NA	NA	8.924449	6.825519	841.5	10.8	830.7	0.026062	0.003018	0.001967
"LB8_lib3"	"LC"	"iDNA"	110	3	0	"LC_iDNA"	"LCiDNA100_120cm"	"LC2"	2	2	"40_120cm"	8	-8	-110	"100_120cm"	"100_120"	"05_100_120"	33.028585	71.041269	928	14.9	436	6.085	31.5	6.968045	0.018448669	5.894022876	0.174264855	-31.82337735	9.44593122	0.080134353	0.601689335	0.133182273	0.028715037	0.11020566	0.07622	0.102588083	NA	NA	NA	NA	4.228413	12.607389	946.2	8.7	937.5	0.024624	0.003245	0.001408
"LB9_lib3"	"LC"	"iDNA"	130	3	0	"LC_iDNA"	"LCiDNA120_140cm"	"LC2"	2	3	"120_200cm"	9	-9	-130	"120_140cm"	"120_140"	"04_120_140"	33.028585	71.041269	928	14.9	436	6.185	27.2	7.513935	0.008759362	-1.776440505	0.114858979	-32.52437578	13.11271	0.071160521	0.527235599	0.134969113	0.012088573	0.07314579	0.07568	0.079185177	NA	NA	NA	NA	5.946925	15.851695	901.7	10.2	891.5	0.020159	0.003279	0.00172
"LB10_lib3"	"LC"	"iDNA"	150	3	0	"LC_iDNA"	"LCiDNA140_160cm"	"LC2"	2	3	"120_200cm"	10	-10	-150	"140_160cm"	"140_160"	"03_140_160"	33.028585	71.041269	928	14.9	436	6.405	26.15	4.249488	0.002340254	-5.555879794	0.02632708	-32.56912058	11.24966819	0.077655034	0.504761123	0.153845116	0.021358211	0.042278755	0	0.071170717	NA	NA	NA	NA	6.593511	16.14697	502.7	0	502.7	0.018786	0.003154	0.001807
"LB11_lib3"	"LC"	"iDNA"	170	3	0	"LC_iDNA"	"LCiDNA160_180cm"	"LC2"	2	3	"120_200cm"	11	-11	-170	"160_180cm"	"160_180"	"02_160_180"	33.028585	71.041269	928	14.9	436	6.545	42	7.060165	0.007190036	0.332450497	0.074684109	-33.18308491	10.38716794	0.196008907	0.488969804	0.400860963	0.043180845	0.069762975	0.1437	0.108951712	NA	NA	NA	NA	4.230406	9.474622	569.2	3.9	565.3	0.018243	0.003167	0.001695
"LB12_lib3"	"LC"	"iDNA"	190	3	0	"LC_iDNA"	"LCiDNA180_200cm"	"LC2"	2	3	"120_200cm"	12	-12	-190	"180_200cm"	"180_200"	"01_180_200"	33.028585	71.041269	928	14.9	436	6.675	37.75	1.927899	0.009207659	1.801404941	0.098061123	-32.41899952	10.64995135	0.216886537	0.52155387	0.415846857	0.112470073	0.089447533	0.08785	0.12510402	NA	NA	NA	NA	4.834718	7.539455	933.1	6	927.1	0.017491	0.003058	0.001631
"LC1_lib3"	"LC"	"iDNA"	2.5	3	0	"LC_iDNA"	"LCiDNA0_5cm"	"LC3"	3	1	"0_40cm"	1	-1	-2.5	"0_5cm"	"0_5"	"12_0_5"	33.028718	71.04717	854	14.9	436	6.195	101.15	2.929085	0.095366528	1.614082113	7.056884804	-32.6043006	73.99750161	0.377746762	0.616400024	0.612827299	0.223266416	0.105903961	0.06741	0.115314583	1430000	1500000	1510000	1478830.845	13.021218	15.96064	901.7	29.8	871.9	0.017313	0.0079	0.012249
"LC2_lib3"	"LC"	"iDNA"	7.5	3	0	"LC_iDNA"	"LCiDNA5_10cm"	"LC3"	3	1	"0_40cm"	2	-2	-7.5	"5_10cm"	"5_10"	"11_5_10"	33.028718	71.04717	854	14.9	436	6.225	23.05	5.51206	0.020507664	2.996634357	0.196620648	-31.59644099	9.587666633	0.309263183	1.098690006	0.281483568	0.164883891	0.115097507	0.103	0.115314583	944000	957000	954000	951000	5.005539	4.694	927.9	16	911.9	0.019245	0.005539	0.007984
"LC3_lib3"	"LC"	"iDNA"	15	3	0	"LC_iDNA"	"LCiDNA10_20cm"	"LC3"	3	1	"0_40cm"	3	-3	-15	"10_20cm"	"10_20"	"10_10_20"	33.028718	71.04717	854	14.9	436	6.61	26.75	3.815844	0.029662998	5.029659184	0.304481664	-30.20076188	10.26469617	0.098511438	0.848900222	0.116045956	0.051155237	0.01420254	0.03845	0.102757539	455000	416000	401000	424149.2247	3.281678	9.977304	948.9	12.4	936.5	0.020213	0.004767	0.004793
"LC4_lib3"	"LC"	"iDNA"	30	3	0	"LC_iDNA"	"LCiDNA20_40cm"	"LC3"	3	1	"0_40cm"	4	-4	-30	"20_40cm"	"20_40"	"09_20_40"	33.028718	71.04717	854	14.9	436	6.615	23.95	2.7886	0.017712591	3.761513107	0.204194503	-30.20161422	11.52821168	0.066033164	0.698355948	0.094555168	0.046979588	0.05491362	0.03015	0.090200496	188000	161000	140000	162915.7936	8.123659	3.039952	880.8	6.5	874.3	0.023415	0.00364	0.003221
"LC5_lib3"	"LC"	"iDNA"	50	3	0	"LC_iDNA"	"LCiDNA40_60cm"	"LC3"	3	2	"40_120cm"	5	-5	-50	"40_60cm"	"40_60"	"08_40_60"	33.028718	71.04717	854	14.9	436	6.655	19.7	2.504607	0.016195875	6.125794567	0.132130045	-29.01435988	8.158253042	0.059639957	0.823860024	0.072390886	0.046354005	0.023304186	0.03313	0.098038119	133000	118000	140000	130375.9465	4.830735	11.939829	935.8	7.6	928.2	0.028732	0.003314	0.002904
"LC6_lib3"	"LC"	"iDNA"	70	3	0	"LC_iDNA"	"LCiDNA60_80cm"	"LC3"	3	2	"40_120cm"	6	-6	-70	"60_80cm"	"60_80"	"07_60_80"	33.028718	71.04717	854	14.9	436	6.675	18.25	3.566747	0.005475086	0.980917984	0.064389774	-31.25409501	11.76050363	0.112343682	0.66961566	0.167773379	0.06377432	0.067903581	0.0314	0.105875742	NA	NA	NA	NA	4.070507	15.053312	799.6	6.5	793.1	0.028792	0.003478	0.002002
"LC7_lib3"	"LC"	"iDNA"	90	3	0	"LC_iDNA"	"LCiDNA80_100cm"	"LC3"	3	2	"40_120cm"	7	-7	-90	"80_100cm"	"80_100"	"06_80_100"	33.028718	71.04717	854	14.9	436	6.76	13.5	3.86727	0.005031217	3.941066624	0.0465556	-31.02711855	9.253347515	0.203576261	0.820739107	0.248040161	0.1197	0.046363043	0.0237	0.104199664	NA	NA	NA	NA	3.265034	13.60573	421.6	0	421.6	0.027234	0.003609	0.001852
"LC8_lib3"	"LC"	"iDNA"	110	3	0	"LC_iDNA"	"LCiDNA100_120cm"	"LC3"	3	2	"40_120cm"	8	-8	-110	"100_120cm"	"100_120"	"05_100_120"	33.028718	71.04717	854	14.9	436	6.9	11.6	3.739574	0.006672486	3.052008881	0.069243332	-31.02354988	10.37744142	0.17379023	0.894541077	0.194278647	0.1143	0.007082179	0.03867	0.106385678	95000	94800	91900	93882.87135	0.815001	16.60515	943.6	3.9	939.7	0.028373	0.003043	0.00147
"LC9_lib3"	"LC"	"iDNA"	130	3	0	"LC_iDNA"	"LCiDNA120_140cm"	"LC3"	3	3	"120_200cm"	9	-9	-130	"120_140cm"	"120_140"	"04_120_140"	33.028718	71.04717	854	14.9	436	7.045	13.65	5.720727	0.004077997	-2.882553333	0.035546053	-31.56092047	8.716547307	0.092508661	0.833292885	0.111015781	0.07769	0.067696181	0.02818	0.108571691	8840	7350	7810	7999.108153	1.660856	19.218542	899.1	5	894.1	0.030352	0.003136	0.001533
"LC10_lib3"	"LC"	"iDNA"	150	3	0	"LC_iDNA"	"LCiDNA140_160cm"	"LC3"	3	3	"120_200cm"	10	-10	-150	"140_160cm"	"140_160"	"03_140_160"	33.028718	71.04717	854	14.9	436	7.115	22.35	6.634517	0.003122916	-0.603344239	0.040743332	-32.21960762	13.04656531	0.024309059	0.667441907	0.036421236	0.03309	0	0.002334	0.104204362	14500	14200	14800	14509.59677	1.674634	8.540493	985.5	3.9	981.6	0.025838	0.003448	0.001457
"LC11_lib3"	"LC"	"iDNA"	170	3	0	"LC_iDNA"	"LCiDNA160_180cm"	"LC3"	3	3	"120_200cm"	11	-11	-170	"160_180cm"	"160_180"	"02_160_180"	33.028718	71.04717	854	14.9	436	7.13	18.3	6.098379	0.001676711	-5.072148224	0.016753827	-32.61771071	9.992076317	0.144007057	0.684578591	0.210358692	0.0964	0.025424385	0.002849	0.099837033	NA	NA	NA	NA	0.83329	11.577287	449.5	0	449.5	0.029166	0.003174	0.001627
"LC12_lib3"	"LC"	"iDNA"	190	3	0	"LC_iDNA"	"LCiDNA180_200cm"	"LC3"	3	3	"120_200cm"	12	-12	-190	"180_200cm"	"180_200"	"01_180_200"	33.028718	71.04717	854	14.9	436	6.4	14.25	2.581679	0.002184415	-4.250979873	0.030368411	-32.46278952	13.90230768	0.084883315	0.761469147	0.111473085	0.05533	0.006438599	0.01729	0.099837033	NA	NA	NA	NA	2.417687	11.94413	1006.5	13.4	993.1	0.027769	0.003163	0.001265
"NA1_lib3"	"NB"	"iDNA"	2.5	4	0	"NB_iDNA"	"NBiDNA0_5cm"	"NB1"	1	1	"0_40cm"	1	-1	-2.5	"0_5cm"	"0_5"	"12_0_5"	37.79371	72.95065	1113	14.1	1084	5.865	57.15	12.728907	0.538648029	5.716175076	8.744978561	-28.962759	16.23505162	0.409764341	0.739017349	0.554471883	0.4085	0.992463143	0.8623	0.122772331	21900000	21800000	17900000	20563861.37	14.904461	12.417981	527.3	47.7	479.6	0.045542	0.017191	0.031132
"NA2_lib3"	"NB"	"iDNA"	7.5	4	0	"NB_iDNA"	"NBiDNA5_10cm"	"NB1"	1	1	"0_40cm"	2	-2	-7.5	"5_10cm"	"5_10"	"11_5_10"	37.79371	72.95065	1113	14.1	1084	5.605	78.5	27.762974	0.431697252	5.829925712	6.900977337	-28.07102403	15.98568745	0.402961114	0.68731205	0.586285537	0.4064	0.928823592	0.6761	0.115401263	18700000	17500000	16300000	17514668.39	7.39708	22.742304	461.9	7.1	454.8	0.048818	0.01926	0.032558
"NA3_lib3"	"NB"	"iDNA"	15	4	0	"NB_iDNA"	"NBiDNA10_20cm"	"NB1"	1	1	"0_40cm"	3	-3	-15	"10_20cm"	"10_20"	"10_10_20"	37.79371	72.95065	1113	14.1	1084	5.855	57.95	18.593676	0.368402247	6.363504798	6.443770727	-29.69400062	17.49112767	0.575027094	0.623197928	0.922703796	0.4043	1.238231302	0.79985	0.143429252	2e+07	17800000	20700000	19512782.94	3.924765	16.101031	658.2	2.3	655.9	0.040773	0.015239	0.018283
"NA4_lib3"	"NB"	"iDNA"	30	4	0	"NB_iDNA"	"NBiDNA20_40cm"	"NB1"	1	1	"0_40cm"	4	-4	-30	"20_40cm"	"20_40"	"09_20_40"	37.79371	72.95065	1113	14.1	1084	6.165	25.1	17.620835	0.239221434	7.542006934	4.345510425	-29.53176106	18.16522187	0.396527132	0.661934308	0.599043028	0.4	1.302494196	0.7602	0.166382336	7200000	7150000	6690000	7012171.729	2.918858	6.990429	425.2	25	400.2	0.039144	0.014908	0.008724
"NA5_lib3"	"NB"	"iDNA"	50	4	0	"NB_iDNA"	"NBiDNA40_60cm"	"NB1"	1	2	"40_120cm"	5	-5	-50	"40_60cm"	"40_60"	"08_40_60"	37.79371	72.95065	1113	14.1	1084	6.105	16.7	18.918598	0.147022855	8.229661753	2.886309608	-28.20103717	19.63170695	0.393326952	0.606459636	0.648562457	0.4237	1.007199719	0.7059	0.129172798	973000	1680000	1260000	1304922.912	2.951771	8.086225	506.4	29.2	477.2	0.03778	0.014706	0.008423
"NA6_lib3"	"NB"	"iDNA"	70	4	0	"NB_iDNA"	"NBiDNA60_80cm"	"NB1"	1	2	"40_120cm"	6	-6	-70	"60_80cm"	"60_80"	"07_60_80"	37.79371	72.95065	1113	14.1	1084	5.82	21.9	21.171771	0.100417601	8.024644183	1.80074671	-29.95514355	17.93258047	0.407362873	0.548757308	0.742337035	0.3417	0.886791606	0.5786	0.109624862	757000	783000	751000	763757.7757	4.010696	6.151777	608.5	30.3	578.2	0.030899	0.010158	0.006563
"NA7_lib3"	"NB"	"iDNA"	90	4	0	"NB_iDNA"	"NBiDNA80_100cm"	"NB1"	1	2	"40_120cm"	7	-7	-90	"80_100cm"	"80_100"	"06_80_100"	37.79371	72.95065	1113	14.1	1084	5.72	14.25	14.316653	0.065789093	7.634428821	1.039316987	-30.75457846	15.79770952	0.290020229	0.52905295	0.548187528	0.2367	0.580220244	0.3959	0.075796128	442000	857000	412000	570173.1109	10.399393	6.736103	619	26.1	592.9	0.025676	0.009183	0.00623
"NA8_lib3"	"NB"	"iDNA"	110	4	0	"NB_iDNA"	"NBiDNA100_120cm"	"NB1"	1	2	"40_120cm"	8	-8	-110	"100_120cm"	"100_120"	"05_100_120"	37.79371	72.95065	1113	14.1	1084	5.52	9.95	13.841808	0.036126202	6.583984828	0.558012543	-30.25366669	15.44619987	0.171221935	0.415385462	0.412200115	0.1656	0.332950424	0.3163	0.053328512	279000	288000	291000	285928.6746	4.705032	1.944751	375.5	26.1	349.4	0.012181	0.003434	0.004819
"NA9_lib3"	"NB"	"iDNA"	130	4	0	"NB_iDNA"	"NBiDNA120_140cm"	"NB1"	1	3	"120_200cm"	9	-9	-130	"120_140cm"	"120_140"	"04_120_140"	37.79371	72.95065	1113	14.1	1084	5.63	8.25	22.643355	0.020768592	6.346352106	0.293828537	-31.5261537	14.1477352	0.112361644	0.298023733	0.37702247	0.1083	0.196719824	0.2168	0.047002403	140000	145000	133000	139423.541	6.087722	5.212453	341.4	17.6	323.8	0.005384	0.003761	0.003843
"NA10_lib3"	"NB"	"iDNA"	150	4	0	"NB_iDNA"	"NBiDNA140_160cm"	"NB1"	1	3	"120_200cm"	10	-10	-150	"140_160cm"	"140_160"	"03_140_160"	37.79371	72.95065	1113	14.1	1084	5.515	9.2	48.505917	0.010759518	4.97929127	0.134029767	-31.54231011	12.45685583	0.060953444	0.231795632	0.262962005	0.06638	0.135323583	0.1502	0.039435086	76500	59900	68200	68206.19098	4.912527	6.296769	509	22.9	486.1	0.005703	0.004307	0.002252
"NA11_lib3"	"NB"	"iDNA"	170	4	0	"NB_iDNA"	"NBiDNA160_180cm"	"NB1"	1	3	"120_200cm"	11	-11	-170	"160_180cm"	"160_180"	"02_160_180"	37.79371	72.95065	1113	14.1	1084	5.865	9.95	58.443396	0.008152597	4.915959973	0.079423542	-30.63067403	9.742115103	0.049651699	0.235058254	0.211231463	0.05794	0.118504181	0.1218	0.041960435	71300	72200	77100	73548.14153	10.555267	4.903237	336.2	11.8	324.4	0.006211	0.004925	0.002113
"NA12_lib3"	"NB"	"iDNA"	190	4	0	"NB_iDNA"	"NBiDNA180_200cm"	"NB1"	1	3	"120_200cm"	12	-12	-190	"180_200cm"	"180_200"	"01_180_200"	37.79371	72.95065	1113	14.1	1084	5.735	6.3	59.980852	0.009180393	4.403988733	0.100347784	-31.06000901	10.93066296	0.028182635	0.236946739	0.118940802	0.02699	0.081303144	0.07542	0.02274665	136000	155000	130000	140222.3897	2.664908	3.712625	687	6	681	0.005711	0.004706	0.001973
"NB1_lib3"	"NB"	"iDNA"	2.5	4	0	"NB_iDNA"	"NBiDNA0_5cm"	"NB2"	2	1	"0_40cm"	1	-1	-2.5	"0_5cm"	"0_5"	"12_0_5"	37.79017	72.95125	1126	14.1	1084	5.48	59.15	54.375675	NA	NA	NA	NA	NA	NA	NA	NA	NA	NA	NA	NA	41900000	40800000	42900000	41874671.48	67.953352	16.973956	NA	NA	NA	0.052565	0.019799	0.029614
"NB2_lib3"	"NB"	"iDNA"	7.5	4	0	"NB_iDNA"	"NBiDNA5_10cm"	"NB2"	2	1	"0_40cm"	2	-2	-7.5	"5_10cm"	"5_10"	"11_5_10"	37.79017	72.95125	1126	14.1	1084	5.2725	42.875	52.012908	NA	NA	NA	NA	NA	NA	NA	NA	NA	NA	NA	NA	6120000	5920000	4920000	5653593.615	40.566084	14.958441	NA	NA	NA	0.0494635	0.018648	0.0274525
"NB3_lib3"	"NB"	"iDNA"	15	4	0	"NB_iDNA"	"NBiDNA10_20cm"	"NB2"	2	1	"0_40cm"	3	-3	-15	"10_20cm"	"10_20"	"10_10_20"	37.79017	72.95125	1126	14.1	1084	5.065	26.6	49.650141	NA	NA	NA	NA	NA	NA	NA	NA	NA	NA	NA	NA	20100000	16400000	16700000	17720630.82	13.178816	12.942926	NA	NA	NA	0.046362	0.017497	0.025291
"NB4_lib3"	"NB"	"iDNA"	30	4	0	"NB_iDNA"	"NBiDNA20_40cm"	"NB2"	2	1	"0_40cm"	4	-4	-30	"20_40cm"	"20_40"	"09_20_40"	37.79017	72.95125	1126	14.1	1084	5.065	15.55	59.420978	NA	NA	NA	NA	NA	NA	NA	NA	NA	NA	NA	NA	18200000	18500000	21400000	19366029.64	8.936316	16.294973	NA	NA	NA	0.044893	0.012448	0.022213
"NB5_lib3"	"NB"	"iDNA"	50	4	0	"NB_iDNA"	"NBiDNA40_60cm"	"NB2"	2	2	"40_120cm"	5	-5	-50	"40_60cm"	"40_60"	"08_40_60"	37.79017	72.95125	1126	14.1	1084	5.165	9.55	48.088235	NA	NA	NA	NA	NA	NA	NA	NA	NA	NA	NA	NA	7910000	8110000	8640000	8222720.355	11.853361	8.138992	NA	NA	NA	0.018467	0.011674	0.017351
"NB6_lib3"	"NB"	"iDNA"	70	4	0	"NB_iDNA"	"NBiDNA60_80cm"	"NB2"	2	2	"40_120cm"	6	-6	-70	"60_80cm"	"60_80"	"07_60_80"	37.79017	72.95125	1126	14.1	1084	5.185	18.5	57.202993	NA	NA	NA	NA	NA	NA	NA	NA	NA	NA	NA	NA	8300000	8660000	8e+06	8319392.38	11.328749	25.964883	NA	NA	NA	0.017685	0.010336	0.010978
"NB7_lib3"	"NB"	"iDNA"	90	4	0	"NB_iDNA"	"NBiDNA80_100cm"	"NB2"	2	2	"40_120cm"	7	-7	-90	"80_100cm"	"80_100"	"06_80_100"	37.79017	72.95125	1126	14.1	1084	5.305	8.45	57.435817	NA	NA	NA	NA	NA	NA	NA	NA	NA	NA	NA	NA	4150000	4340000	4030000	4170000	6.302332	3.723195	NA	NA	NA	0.012327	0.005143	0.005956
"NB8_lib3"	"NB"	"iDNA"	110	4	0	"NB_iDNA"	"NBiDNA100_120cm"	"NB2"	2	2	"40_120cm"	8	-8	-110	"100_120cm"	"100_120"	"05_100_120"	37.79017	72.95125	1126	14.1	1084	5.36	9.05	62.98817	NA	NA	NA	NA	NA	NA	NA	NA	NA	NA	NA	NA	7220	16400	61000	28226.38754	6.524416	11.54077	NA	NA	NA	0.009844	0.002907	0.002418
"NB10_lib3"	"NB"	"iDNA"	150	4	0	"NB_iDNA"	"NBiDNA140_160cm"	"NB2"	2	3	"120_200cm"	10	-10	-150	"140_160cm"	"140_160"	"03_140_160"	37.79017	72.95125	1126	14.1	1084	5.195	6.7	65.042511	NA	NA	NA	NA	NA	NA	NA	NA	NA	NA	NA	NA	NA	NA	NA	NA	6.606044	5.212419	NA	NA	NA	0.011916	0.00304	0.000312
"NB11_lib3"	"NB"	"iDNA"	170	4	0	"NB_iDNA"	"NBiDNA160_180cm"	"NB2"	2	3	"120_200cm"	11	-11	-170	"160_180cm"	"160_180"	"02_160_180"	37.79017	72.95125	1126	14.1	1084	5.695	5.7	61.76565	NA	NA	NA	NA	NA	NA	NA	NA	NA	NA	NA	NA	NA	NA	NA	NA	5.181636	0.007305	NA	NA	NA	0.019703	0.002575	0.000404
"NAC1_lib3"	"NB"	"iDNA"	2.5	4	0	"NB_iDNA"	"NBiDNA0_5cm"	"NB3"	3	1	"0_40cm"	1	-1	-2.5	"0_5cm"	"0_5"	"12_0_5"	37.79533	72.94868	1120	14.1	1084	5.46	39.7	24.764151	0.386264361	4.727795517	6.183245662	-30.7626588	16.00780782	0.404161242	0.388757641	1.039622633	0.3661	1.019358433	0.93005	0.165723144	15500000	12100000	13700000	13794664.73	9.740926	8.247012	700.1	73.1	627	0.031503	0.019328	0.033853
"NAC2_lib3"	"NB"	"iDNA"	7.5	4	0	"NB_iDNA"	"NBiDNA5_10cm"	"NB3"	3	1	"0_40cm"	2	-2	-7.5	"5_10cm"	"5_10"	"11_5_10"	37.79533	72.94868	1120	14.1	1084	5.13	56.3	35.825923	0.410508821	5.311868524	6.331284616	-29.53669508	15.42301724	0.516402905	0.423821314	1.218444866	0.4374	1.293748932	1.049666667	0.185877743	23400000	24600000	19600000	22535812.62	8.486489	15.955113	485.4	80.4	405	0.034242	0.020974	0.036243
"NAC3_lib3"	"NB"	"iDNA"	15	4	0	"NB_iDNA"	"NBiDNA10_20cm"	"NB3"	3	1	"0_40cm"	3	-3	-15	"10_20cm"	"10_20"	"10_10_20"	37.79533	72.94868	1120	14.1	1084	5.175	58.15	60.079302	0.461040785	5.664304232	7.497458021	-29.69221695	16.26202771	0.517753346	0.822740372	0.62930344	0.3643	1.350028916	0.8112	0.181970681	11300000	10800000	1e+07	10698882.63	4.998031	30.522914	558.7	109	449.7	0.03733	0.022798	0.036365
"NAC4_lib3"	"NB"	"iDNA"	30	4	0	"NB_iDNA"	"NBiDNA20_40cm"	"NB3"	3	1	"0_40cm"	4	-4	-30	"20_40cm"	"20_40"	"09_20_40"	37.79533	72.94868	1120	14.1	1084	5.18	40.8	34.245661	0.262754193	7.021826125	2.910839299	-29.55810948	11.07818402	0.622673323	0.298370086	2.086916054	0.4465	1.607871481	1.109	0.261509025	8020000	7210000	7800000	7678138.543	5.238879	18.698593	810.1	41.9	768.2	0.0285	0.014241	0.009017
"NAC5_lib3"	"NB"	"iDNA"	50	4	0	"NB_iDNA"	"NBiDNA40_60cm"	"NB3"	3	2	"40_120cm"	5	-5	-50	"40_60cm"	"40_60"	"08_40_60"	37.79533	72.94868	1120	14.1	1084	5.215	23.5	23.452528	0.25164598	7.539006563	4.184524677	-29.73564067	16.62861722	0.583220562	0.85965422	0.678436222	0.4063	1.485846521	0.9913	0.240597313	4360000	3920000	4240000	4175506.763	2.891481	9.972603	639.9	52.5	587.4	0.025073	0.007695	0.004259
"NAC6_lib3"	"NB"	"iDNA"	70	4	0	"NB_iDNA"	"NBiDNA60_80cm"	"NB3"	3	2	"40_120cm"	6	-6	-70	"60_80cm"	"60_80"	"07_60_80"	37.79533	72.94868	1120	14.1	1084	5.11	22.7	53.100834	0.099405812	7.564123471	1.669439836	-30.90478647	16.79418744	0.520276835	0.791617905	0.657232273	0.3475	0.94568054	0.8361	0.156847436	7980000	7650000	7560000	7727390.799	3.586269	12.368304	650.4	35.1	615.3	0.026349	0.009301	0.001812
"NAC7_lib3"	"NB"	"iDNA"	90	4	0	"NB_iDNA"	"NBiDNA80_100cm"	"NB3"	3	2	"40_120cm"	7	-7	-90	"80_100cm"	"80_100"	"06_80_100"	37.79533	72.94868	1120	14.1	1084	5.1	20.05	57.730829	0.091104241	7.705608491	1.444761546	-31.12226234	15.85833472	0.39257139	0.293490704	1.337593952	0.2634	0.696294175	0.8343	0.129936122	7400000	5770000	5820000	6330704.69	4.925591	15.049158	671.3	47.2	624.1	0.019543	0.006625	0.001919
"NAC8_lib3"	"NB"	"iDNA"	110	4	0	"NB_iDNA"	"NBiDNA100_120cm"	"NB3"	3	2	"40_120cm"	8	-8	-110	"100_120cm"	"100_120"	"05_100_120"	37.79533	72.94868	1120	14.1	1084	5.19	12.55	58.902806	0.053134741	6.922266753	0.833492376	-32.09295954	15.68639193	0.243144207	0.166160533	1.46330902	0.1902	0.555431101	0.7044	0.12508137	5340000	4270000	5060000	4889244.139	2.481132	2.367207	660.8	46.7	614.1	0.011552	0.004701	0.001986
"NAC9_lib3"	"NB"	"iDNA"	130	4	0	"NB_iDNA"	"NBiDNA120_140cm"	"NB3"	3	3	"120_200cm"	9	-9	-130	"120_140cm"	"120_140"	"04_120_140"	37.79533	72.94868	1120	14.1	1084	5.15	9.2	55.602046	0.027345903	6.519590422	0.433006028	-32.39464371	15.83440204	0.142139949	0.110135266	1.290594329	0.07856	0.415347175	0.3514	0.123269232	1170000	1190000	1170000	1177769.716	1.214342	3.451913	556.1	51.9	504.2	0.005975	0.004525	0.001323
"NAC10_lib3"	"NB"	"iDNA"	150	4	0	"NB_iDNA"	"NBiDNA140_160cm"	"NB3"	3	3	"120_200cm"	10	-10	-150	"140_160cm"	"140_160"	"03_140_160"	37.79533	72.94868	1120	14.1	1084	5.145	6.4	60.503666	0.017009722	6.164019559	0.21463734	-31.80325944	12.6185097	0.063762628	0.381995643	0.166919778	0.04373	0.284227717	0.4139	0.099126697	501000	383000	376000	420019.1487	8.50507	5.83483	561.4	66.2	495.2	0.014413	0.004494	0.001043
"NAC11_lib3"	"NB"	"iDNA"	170	4	0	"NB_iDNA"	"NBiDNA160_180cm"	"NB3"	3	3	"120_200cm"	11	-11	-170	"160_180cm"	"160_180"	"02_160_180"	37.79533	72.94868	1120	14.1	1084	5.095	8.15	64.96732	0.013971865	5.260494102	0.137753832	-31.38504985	9.859373158	0.063750516	0.470574735	0.135473734	0.04915	0.566845131	0.4393	0.16710898	NA	NA	NA	NA	1.872906	-0.011856	645.1	78.3	566.8	0.023013	0.00444	0.001265
"NAC12_lib3"	"NB"	"iDNA"	190	4	0	"NB_iDNA"	"NBiDNA180_200cm"	"NB3"	3	3	"120_200cm"	12	-12	-190	"180_200cm"	"180_200"	"01_180_200"	37.79533	72.94868	1120	14.1	1084	5.155	7.2	68.05439	0.013230594	5.815806228	0.149461379	-31.12861308	11.29664963	0.115792865	0.340162245	0.340404811	0.07551	0.467103694	0.4241	0.168552502	NA	NA	NA	NA	0	1.235255	582.3	109.5	472.8	0.032367	0.004299	0.001344
